-- phpMyAdmin SQL Dump
-- version 5.2.1
-- https://www.phpmyadmin.net/
--
-- Host: 127.0.0.1
-- Generation Time: Jul 11, 2024 at 04:09 PM
-- Server version: 10.4.24-MariaDB
-- PHP Version: 8.1.6

SET SQL_MODE = "NO_AUTO_VALUE_ON_ZERO";
START TRANSACTION;
SET time_zone = "+00:00";


/*!40101 SET @OLD_CHARACTER_SET_CLIENT=@@CHARACTER_SET_CLIENT */;
/*!40101 SET @OLD_CHARACTER_SET_RESULTS=@@CHARACTER_SET_RESULTS */;
/*!40101 SET @OLD_COLLATION_CONNECTION=@@COLLATION_CONNECTION */;
/*!40101 SET NAMES utf8mb4 */;

--
-- Database: `craftsmendb`
--

-- --------------------------------------------------------

--
-- Table structure for table `cities`
--

CREATE TABLE `cities` (
  `id` bigint(20) UNSIGNED NOT NULL,
  `city` varchar(255) COLLATE utf8mb4_unicode_ci NOT NULL,
  `craftsman_id` bigint(20) UNSIGNED NOT NULL,
  `created_at` timestamp NULL DEFAULT NULL,
  `updated_at` timestamp NULL DEFAULT NULL
) ENGINE=InnoDB DEFAULT CHARSET=utf8mb4 COLLATE=utf8mb4_unicode_ci;

--
-- Dumping data for table `cities`
--

INSERT INTO `cities` (`id`, `city`, `craftsman_id`, `created_at`, `updated_at`) VALUES
(1, 'المنصورة', 1, '2024-04-01 02:23:02', '2024-04-01 02:23:02'),
(2, 'طلخا', 1, '2024-04-01 02:23:20', '2024-04-01 02:23:20'),
(3, 'طلخا', 2, '2024-04-01 02:23:36', '2024-04-01 02:23:36'),
(9, 'المنصورة', 2, '2024-04-15 18:18:30', '2024-04-15 18:18:30'),
(13, 'المنصورة', 3, '2024-04-17 03:21:42', '2024-04-17 03:21:42'),
(14, 'طلخا', 3, '2024-04-17 03:21:42', '2024-04-17 03:21:42'),
(28, 'المنصورة', 4, '2024-04-19 17:47:01', '2024-04-19 17:47:01'),
(29, 'طلخا', 4, '2024-04-19 17:47:01', '2024-04-19 17:47:01'),
(30, 'المنصورة', 5, '2024-04-20 00:01:26', '2024-04-20 00:01:26'),
(31, 'طلخا', 5, '2024-04-20 00:01:26', '2024-04-20 00:01:26'),
(41, 'طلخا', 6, '2024-04-26 16:55:18', '2024-04-26 16:55:18'),
(42, 'المنصورة', 6, '2024-04-26 16:55:18', '2024-04-26 16:55:18'),
(85, 'المنصورة', 7, '2024-04-28 23:52:22', '2024-04-28 23:52:22'),
(86, 'طلخا', 7, '2024-04-28 23:52:22', '2024-04-28 23:52:22'),
(87, 'طلخا', 8, '2024-04-28 23:52:22', '2024-04-28 23:52:22'),
(109, 'المنصورة', 8, '2024-06-20 03:22:33', '2024-06-20 03:22:33'),
(110, 'المنصورة', 9, '2024-06-20 03:23:28', '2024-06-20 03:23:28'),
(111, 'طلخا', 9, '2024-06-20 03:23:28', '2024-06-20 03:23:28'),
(112, 'المنصورة', 10, '2024-06-20 03:23:28', '2024-06-20 03:23:28'),
(113, 'طلخا', 10, '2024-06-20 03:23:28', '2024-06-20 03:23:28'),
(114, 'المنصورة', 11, '2024-06-20 03:23:28', '2024-06-20 03:23:28'),
(122, 'طلخا', 11, '2024-06-20 03:25:23', '2024-06-20 03:25:23'),
(123, 'المنصورة', 12, '2024-06-20 03:25:23', '2024-06-20 03:25:23'),
(124, 'طلخا', 12, '2024-06-20 03:25:23', '2024-06-20 03:25:23'),
(125, 'المنصورة', 13, '2024-06-20 03:25:23', '2024-06-20 03:25:23'),
(126, 'طلخا', 13, '2024-06-20 03:25:23', '2024-06-20 03:25:23'),
(127, 'المنصورة', 14, '2024-06-20 03:25:23', '2024-06-20 03:25:23'),
(128, 'طلخا', 14, '2024-06-20 03:25:23', '2024-06-20 03:25:23'),
(133, 'طلخا', 15, '2024-06-20 03:55:03', '2024-06-20 03:55:03'),
(134, 'المنصورة', 15, '2024-06-20 03:55:04', '2024-06-20 03:55:04'),
(135, 'المنصورة', 16, '2024-06-20 03:55:04', '2024-06-20 03:55:04'),
(136, 'طلخا', 16, '2024-06-20 03:55:04', '2024-06-20 03:55:04'),
(137, 'المنصورة', 17, '2024-06-20 03:55:04', '2024-06-20 03:55:04'),
(138, 'طلخا', 17, '2024-06-20 03:55:04', '2024-06-20 03:55:04'),
(139, 'المنصورة', 18, '2024-06-20 03:55:04', '2024-06-20 03:55:04'),
(140, 'طلخا', 18, '2024-06-20 03:55:04', '2024-06-20 03:55:04');

-- --------------------------------------------------------

--
-- Table structure for table `clients`
--

CREATE TABLE `clients` (
  `id` bigint(20) UNSIGNED NOT NULL,
  `name` varchar(255) COLLATE utf8mb4_unicode_ci NOT NULL,
  `email` varchar(255) COLLATE utf8mb4_unicode_ci NOT NULL,
  `password` varchar(255) COLLATE utf8mb4_unicode_ci DEFAULT NULL,
  `address` varchar(255) COLLATE utf8mb4_unicode_ci DEFAULT NULL,
  `phone` int(11) DEFAULT NULL,
  `image` varchar(255) COLLATE utf8mb4_unicode_ci DEFAULT NULL,
  `social_id` varchar(255) COLLATE utf8mb4_unicode_ci DEFAULT NULL,
  `social_type` varchar(255) COLLATE utf8mb4_unicode_ci DEFAULT NULL,
  `created_at` timestamp NULL DEFAULT NULL,
  `updated_at` timestamp NULL DEFAULT NULL
) ENGINE=InnoDB DEFAULT CHARSET=utf8mb4 COLLATE=utf8mb4_unicode_ci;

--
-- Dumping data for table `clients`
--

INSERT INTO `clients` (`id`, `name`, `email`, `password`, `address`, `phone`, `image`, `social_id`, `social_type`, `created_at`, `updated_at`) VALUES
(1, 'ناصر', 'nasir@gmail.com', '$2y$10$VktSICSSrIJQIzlfGfMBROnuv/Pb1WCb8J3FITYhGyTiombNZvCQm', 'الدقهلية, طلخا, الموقف ', 1065242790, 'client/PcIjpxrTyydUDOcg.jfif', NULL, NULL, '2024-06-27 23:33:44', '2024-06-27 23:46:00'),
(2, 'محمود', 'mahmoud@gmail.com', '$2y$10$r4vQpGlbFhBd4NAGNg8ZKONowyxh5rFlhdqQnr8EUhRPgNhDyAH7i', 'الدقهلية, المنصورة, شارع الترعة', 1065242710, 'client/5UOAlrp4UxKtBRRM.jfif', NULL, NULL, '2024-06-27 23:34:08', '2024-06-27 23:46:30'),
(3, 'رامي', 'rami@gmail.com', '$2y$10$MDCwFNvqodAdBcoY/9d2qOhfvydLXgSMYTNin2seLkoLNvqRkWc/q', 'الدقهلية, طلخا, الموقف ', 1065242711, 'client/dmz9DwJoLc66d4bj.jfif', NULL, NULL, '2024-06-27 23:34:23', '2024-06-27 23:46:40'),
(4, 'سامي', 'sami@gmail.com', '$2y$10$6Nq7lHCmu5a69oGtlfOGreFhFCnOUIi9M37/Wabsc0r.bCugzAxPK', 'الدقهلية, المنصورة, شارع الترعة', 1065242712, 'client/ZIL7DHYsnMEQVOYn.jfif', NULL, NULL, '2024-06-27 23:34:41', '2024-06-27 23:46:50'),
(5, 'عبد الرحمن', 'abdalrahman@gmail.com', '$2y$10$Ol1kvqZ.XZCu94g7zPNqWu3V1TbcTBI4XbRZZUWu.hJMfh7p2qoF.', 'الدقهلية, طلخا, الموقف ', 1065242713, 'client/hyX5rYEqi0pxeDMu.jfif', NULL, NULL, '2024-06-27 23:35:01', '2024-06-27 23:46:59'),
(6, 'مصطفى', 'mostafa@gmail.com', '$2y$10$cjiLwdhEJJwh71Pn16dWDOxc70BhUgmJ2EYJIDi1aUBD9dG1/MaYy', 'الدقهلية, طلخا, الموقف ', 1065242714, 'client/LXcmMnyGCnhJmDhT.jfif', NULL, NULL, '2024-06-27 23:35:17', '2024-06-27 23:47:09'),
(7, 'طارق', 'tarek@gmail.com', '$2y$10$rDpgUTl9CteKZZS/wOIWWOlD5MJ9tt5E671F2VxH8wZrSXIt3cjyO', 'الدقهلية, المنصورة, شارع الترعة', 1065242715, 'client/pr8nKz66zxBqRmID.jfif', NULL, NULL, '2024-06-27 23:35:47', '2024-06-27 23:47:17'),
(8, 'حسين', 'hosain@gmail.com', '$2y$10$uUnUnnr7rvutkkyksNBPkebFBlnb/beuLVNDTIJMzsyFHsiLitT/S', 'الدقهلية, طلخا, الموقف ', 1065242716, 'client/mQTt6Fl69b4abVx1.jfif', NULL, NULL, '2024-06-27 23:36:03', '2024-06-27 23:47:27'),
(9, 'حسن', 'hasan@gmail.com', '$2y$10$0AJ73NpgO6UtN3LM85XrqusLqdR0qqk5FCW3kOGcIhqvQ4nvUShqC', 'الدقهلية, المنصورة, شارع الترعة', 1065242717, 'client/M7A62wT0HPcncoiB.jfif', NULL, NULL, '2024-06-27 23:36:25', '2024-06-27 23:47:44'),
(10, 'عمر', 'omtb1990@gmail.com', '$2y$10$ox1Xel0lVbVZgW6QU6s/au7caMItTVlK/lCLRHtrb1dA82aHIWpPi', 'الدقهلية, طلخا, الموقف ', 1065242718, 'client/F5ZgVYYsrWIDlUkR.jfif', NULL, NULL, '2024-06-27 23:36:51', '2024-06-27 23:47:54'),
(11, 'خالد', 'khaled@gmail.com', '$2y$10$Z3nQK01n23g7BgZjJcRhluZuTRMhbgCl5fiBU99R35bEDp1zItCL2', 'الدقهلية, المنصورة, شارع الترعة', 1065242719, 'client/6bCMeYc9kqTnMbYg.jfif', NULL, NULL, '2024-06-27 23:37:11', '2024-06-27 23:47:59'),
(12, 'علي', 'ali@gmail.com', '$2y$10$2zi8taajaFW31aMKy0xsvu2vgcos/wPbDcvzHTwYN5No/QyHPVwIe', 'الدقهلية, طلخا, الموقف ', 1065242720, 'client/2CDJhqt0WkzmwamF.jfif', NULL, NULL, '2024-06-27 23:37:24', '2024-06-27 23:48:03'),
(13, 'يوسف', 'yusuf@gmail.com', '$2y$10$gFxdBh5937rVeEjgKlkSHuNN2uMovLNQz0qppNpXbRPHewrvRWniW', 'الدقهلية, المنصورة, شارع الترعة', 1065242721, 'client/GfKAJtwt7bHwSqv3.jfif', NULL, NULL, '2024-06-27 23:37:38', '2024-06-27 23:48:07'),
(14, 'محمد', 'mohammed@gmail.com', '$2y$10$1x4agArG53FEdsEOEiiNU.BkvUQ8JogiZ3pyu/VLP.2tHi8b.hQLW', 'الدقهلية, طلخا, الموقف ', 1065242722, 'client/OEmXvDCxaNDrsTjO.jfif', NULL, NULL, '2024-06-27 23:37:50', '2024-06-27 23:48:10'),
(15, 'عبد الله', 'abdulah@gmail.com', '$2y$10$K1Kg5wWfEU1v5mCNbuKaiOgWXkHp58ptOaI.bK2BEAIfJYmK6JnJi', 'الدقهلية, المنصورة, شارع الترعة', 1065242723, 'client/LzmKmvLVfbuUKSo5.jfif', NULL, NULL, '2024-06-27 23:38:08', '2024-06-27 23:48:13'),
(16, 'إسلام', 'islam@gmail.com', '$2y$10$kob2THYD2kJc9vwNLKaTDO03JYROFYtnRJb5CK0zAfmCUb6BbT7He', 'الدقهلية, طلخا, الموقف ', 1065242724, 'client/vBAHPsk13lQfZkCq.jfif', NULL, NULL, '2024-06-27 23:38:27', '2024-06-27 23:48:16'),
(17, 'أيمن', 'aeman@gmail.com', '$2y$10$lwcyvYCjFd9Y1f1udCUEeeprSdKfahF1BGUVaFf7O3a2FBigGxET2', 'الدقهلية, المنصورة, شارع الترعة', 1065242725, 'client/m3nIZhm6IGKfTsTA.jfif', NULL, NULL, '2024-06-27 23:38:43', '2024-06-27 23:48:19'),
(18, 'أحمد', 'ahmed@gmail.com', '$2y$10$EE71JeIM9vMfur4HgECPCO9u5hDmmDwueSvrU1QLJGqDIGLj5XvFu', 'الدقهلية, طلخا, الموقف ', 1065242726, 'client/bKQGER08DnHty2QC.jfif', NULL, NULL, '2024-06-27 23:38:57', '2024-06-27 23:48:23'),
(19, 'آدم', 'adam@gmail.com', '$2y$10$gcfOAOoQC0cClr2XiUKSZ.OWNM1AJlolEmGgkKwqSljOa8QkXRYFu', 'الدقهلية, المنصورة, شارع الترعة', 1065242727, 'client/EXRMehPkcBpJIBn0.jfif', NULL, NULL, '2024-06-27 23:39:16', '2024-06-27 23:48:26'),
(20, 'omar mazen', 'omar.mazen250@gmail.com', NULL, NULL, NULL, NULL, '110085592337263116951', 'google', '2024-06-28 10:27:46', '2024-06-28 10:27:46');

-- --------------------------------------------------------

--
-- Table structure for table `clients_ratings`
--

CREATE TABLE `clients_ratings` (
  `id` bigint(20) UNSIGNED NOT NULL,
  `rating` tinyint(3) UNSIGNED NOT NULL,
  `comment` text COLLATE utf8mb4_unicode_ci NOT NULL,
  `craftsman_id` bigint(20) UNSIGNED NOT NULL,
  `client_id` bigint(20) UNSIGNED NOT NULL,
  `done_job_id` bigint(20) UNSIGNED DEFAULT NULL,
  `created_at` timestamp NULL DEFAULT NULL,
  `updated_at` timestamp NULL DEFAULT NULL
) ENGINE=InnoDB DEFAULT CHARSET=utf8mb4 COLLATE=utf8mb4_unicode_ci;

--
-- Dumping data for table `clients_ratings`
--

INSERT INTO `clients_ratings` (`id`, `rating`, `comment`, `craftsman_id`, `client_id`, `done_job_id`, `created_at`, `updated_at`) VALUES
(1, 4, 'التعالمل معاه كان ممتاز', 17, 10, 7, '2024-06-28 18:06:18', '2024-06-28 18:12:38'),
(2, 3, 'التعامل معاه كان جيد', 17, 11, 8, '2024-06-28 18:06:25', '2024-06-28 18:13:40'),
(3, 2, 'لا أنصح بالتعامل معه', 17, 12, 9, '2024-06-28 18:06:29', '2024-06-28 18:14:30'),
(4, 5, 'من أحسن الناس اللي اتعاملت معاها', 17, 13, 10, '2024-06-28 18:06:36', '2024-06-28 18:15:20'),
(5, 4, 'ملتزم بالسعر ومكنش بيفاصل كتير', 17, 14, 11, '2024-06-28 18:07:18', '2024-06-28 18:16:22'),
(6, 4, 'كان التعامل مع الزبون دة كويس', 16, 1, 12, '2024-06-28 18:28:08', '2024-06-28 18:31:31'),
(7, 4, 'كان التعامل مع الزبون دة كويس', 16, 2, 13, '2024-06-28 18:28:19', '2024-06-28 18:32:19'),
(8, 4, 'كان التعامل مع الزبون دة كويس', 18, 4, 14, '2024-06-28 18:33:03', '2024-06-28 18:34:41'),
(9, 3, 'كان التعامل مع الزبون دة صعب', 18, 5, 15, '2024-06-28 18:33:25', '2024-06-28 18:35:26'),
(10, 2, 'بيفاصل كتير', 18, 6, 16, '2024-06-28 18:33:41', '2024-06-28 18:36:24'),
(11, 5, 'أخلاقه حسنة وزبون محترم', 2, 1, 20, '2024-06-28 18:47:33', '2024-06-28 18:48:29'),
(12, 5, 'لقد قمت بأعمال سباكة لعميل محترم ومثالي، وكان من دواعي سروري التعامل معه.', 2, 20, 21, '2024-06-28 20:36:09', '2024-06-28 20:47:20'),
(13, 5, 'لقد كانت تجربة رائعة مع العميل . من البداية، كان العميل واضحاً ومتعاوناً بشأن احتياجاته ومتطلباته ، مما ساعدني في تقديم الخدمة بكفاءة عالية', 17, 9, NULL, '2024-06-28 22:15:38', '2024-06-28 22:15:38');

-- --------------------------------------------------------

--
-- Table structure for table `client_notifications`
--

CREATE TABLE `client_notifications` (
  `id` bigint(20) UNSIGNED NOT NULL,
  `title` varchar(255) COLLATE utf8mb4_unicode_ci NOT NULL,
  `msg` varchar(255) COLLATE utf8mb4_unicode_ci NOT NULL,
  `client_id` bigint(20) UNSIGNED NOT NULL,
  `created_at` timestamp NULL DEFAULT NULL,
  `updated_at` timestamp NULL DEFAULT NULL
) ENGINE=InnoDB DEFAULT CHARSET=utf8mb4 COLLATE=utf8mb4_unicode_ci;

--
-- Dumping data for table `client_notifications`
--

INSERT INTO `client_notifications` (`id`, `title`, `msg`, `client_id`, `created_at`, `updated_at`) VALUES
(1, 'لقد انتهى الصنايعي من عمله', 'تستطيع إنهاء العمل في قائمة الأعمال النشطة الخاصة بك واسمه: (تصميم وتصنيع مكتب عمل خشبي)', 10, '2024-06-28 18:06:18', '2024-06-28 18:06:18'),
(2, 'لقد انتهى الصنايعي من عمله', 'تستطيع إنهاء العمل في قائمة الأعمال النشطة الخاصة بك واسمه: (تصميم وتركيب خزانة ملابس)', 11, '2024-06-28 18:06:25', '2024-06-28 18:06:25'),
(3, 'لقد انتهى الصنايعي من عمله', 'تستطيع إنهاء العمل في قائمة الأعمال النشطة الخاصة بك واسمه: (تصميم وتصنيع مجموعة أثاث خشبي للمطبخ)', 12, '2024-06-28 18:06:29', '2024-06-28 18:06:29'),
(4, 'لقد انتهى الصنايعي من عمله', 'تستطيع إنهاء العمل في قائمة الأعمال النشطة الخاصة بك واسمه: (تصميم وتصنيع مظلة خشبية للفناء الأمامي)', 13, '2024-06-28 18:06:36', '2024-06-28 18:06:36'),
(5, 'لقد انتهى الصنايعي من عمله', 'تستطيع إنهاء العمل في قائمة الأعمال النشطة الخاصة بك واسمه: (تصميم وتصنيع مقاعد خشبية للمطعم الخارجي)', 14, '2024-06-28 18:07:18', '2024-06-28 18:07:18'),
(6, 'لقد انتهى الصنايعي من عمله', 'تستطيع إنهاء العمل في قائمة الأعمال النشطة الخاصة بك واسمه: (مطلوب نجار لتجديد أثاث قديم)', 1, '2024-06-28 18:28:08', '2024-06-28 18:28:08'),
(7, 'لقد انتهى الصنايعي من عمله', 'تستطيع إنهاء العمل في قائمة الأعمال النشطة الخاصة بك واسمه: (تركيب باب خشبي جديد)', 2, '2024-06-28 18:28:19', '2024-06-28 18:28:19'),
(8, 'لقد انتهى الصنايعي من عمله', 'تستطيع إنهاء العمل في قائمة الأعمال النشطة الخاصة بك واسمه: (إصلاح باب خشبي)', 4, '2024-06-28 18:33:03', '2024-06-28 18:33:03'),
(9, 'لقد انتهى الصنايعي من عمله', 'تستطيع إنهاء العمل في قائمة الأعمال النشطة الخاصة بك واسمه: (تصميم وتنفيذ رفوف خشبية)', 5, '2024-06-28 18:33:25', '2024-06-28 18:33:25'),
(10, 'لقد انتهى الصنايعي من عمله', 'تستطيع إنهاء العمل في قائمة الأعمال النشطة الخاصة بك واسمه: (تصميم وتنفيذ منصة خشبية للحديقة)', 6, '2024-06-28 18:33:41', '2024-06-28 18:33:41'),
(11, 'لقد انتهى الصنايعي من عمله', 'تستطيع إنهاء العمل في قائمة الأعمال النشطة الخاصة بك واسمه: (تركيب حوض استحمام)', 1, '2024-06-28 18:47:33', '2024-06-28 18:47:33'),
(12, 'لقد انتهى الصنايعي من عمله', 'تستطيع إنهاء العمل في قائمة الأعمال النشطة الخاصة بك واسمه: (تركيب مضخة مياه)', 20, '2024-06-28 20:36:09', '2024-06-28 20:36:09'),
(13, 'لقد انتهى الصنايعي من عمله', 'تستطيع إنهاء العمل في قائمة الأعمال النشطة الخاصة بك واسمه: (تصميم وتركيب مظلة خشبية للفناء)', 9, '2024-06-28 22:15:38', '2024-06-28 22:15:38');

-- --------------------------------------------------------

--
-- Table structure for table `crafts`
--

CREATE TABLE `crafts` (
  `id` bigint(20) UNSIGNED NOT NULL,
  `name` varchar(255) COLLATE utf8mb4_unicode_ci NOT NULL,
  `image` varchar(255) COLLATE utf8mb4_unicode_ci DEFAULT NULL,
  `created_at` timestamp NULL DEFAULT NULL,
  `updated_at` timestamp NULL DEFAULT NULL
) ENGINE=InnoDB DEFAULT CHARSET=utf8mb4 COLLATE=utf8mb4_unicode_ci;

--
-- Dumping data for table `crafts`
--

INSERT INTO `crafts` (`id`, `name`, `image`, `created_at`, `updated_at`) VALUES
(2, 'سباك', 'crafts/yD95zY7rpCV3cQnF.png', '2024-04-01 01:45:11', '2024-06-17 00:07:59'),
(4, 'حداد', 'crafts/hdIhVpP5zhesXpqf.png', '2024-04-19 22:52:16', '2024-06-17 00:08:24'),
(5, 'نقاش', 'crafts/2UdRndOuWVcNUBAI.png', '2024-04-19 22:52:21', '2024-06-17 00:08:55'),
(7, 'عامل بناء', 'crafts/lxdOxSj1Mq0Dd3Oe.png', '2024-04-19 22:52:53', '2024-06-17 00:09:25'),
(8, 'كهربائي', 'crafts/mCQ1rBG20dXmoZza.png', '2024-04-19 22:53:05', '2024-06-17 00:09:38'),
(9, 'فني تكييف وتبريد', 'crafts/d2CJ84xu6xjBqWFI.png', '2024-04-19 22:53:16', '2024-06-17 00:09:46'),
(10, 'ميكانيكي', 'crafts/KojEGhXZGLc8zbfk.png', '2024-04-19 22:53:42', '2024-06-17 00:05:33'),
(11, 'عامل جبس', 'crafts/fA8I5DC2JybDdfKK.png', '2024-04-19 22:53:53', '2024-06-17 00:10:05'),
(14, 'نجار', NULL, '2024-06-28 00:14:45', '2024-06-28 00:14:45');

-- --------------------------------------------------------

--
-- Table structure for table `craftsman_done_jobs`
--

CREATE TABLE `craftsman_done_jobs` (
  `id` bigint(20) UNSIGNED NOT NULL,
  `title` varchar(255) COLLATE utf8mb4_unicode_ci NOT NULL,
  `description` varchar(1000) COLLATE utf8mb4_unicode_ci NOT NULL,
  `status` varchar(255) COLLATE utf8mb4_unicode_ci DEFAULT NULL,
  `price` int(11) NOT NULL,
  `city` varchar(255) COLLATE utf8mb4_unicode_ci DEFAULT NULL,
  `address` varchar(255) COLLATE utf8mb4_unicode_ci DEFAULT NULL,
  `phone` varchar(255) COLLATE utf8mb4_unicode_ci DEFAULT NULL,
  `craftsman_id` bigint(20) UNSIGNED NOT NULL,
  `client_id` bigint(20) UNSIGNED DEFAULT NULL,
  `created_at` timestamp NULL DEFAULT NULL,
  `updated_at` timestamp NULL DEFAULT NULL
) ENGINE=InnoDB DEFAULT CHARSET=utf8mb4 COLLATE=utf8mb4_unicode_ci;

--
-- Dumping data for table `craftsman_done_jobs`
--

INSERT INTO `craftsman_done_jobs` (`id`, `title`, `description`, `status`, `price`, `city`, `address`, `phone`, `craftsman_id`, `client_id`, `created_at`, `updated_at`) VALUES
(1, 'تصميم وتنفيذ سرير خشبي', 'تصميم وتنفيذ سرير خشبي مخصص وفقًا لتفضيلاتي الشخصية. يجب أن يكون السرير عمليًا وجماليًا، مع مراعاة الراحة والجودة. يتضمن المشروع تصميم السرير بأبعاد وتفاصيل تناسب احتياجاتي، وتنفيذه بمهارة واستخدام مواد عالية الجودة. يفضل أن يكون النجار لديه خبرة في تصميم وتنفيذ الأثاث الخشبي المخصص.', 'portfolio', 0, NULL, NULL, NULL, 17, NULL, '2024-06-28 16:47:52', '2024-06-28 16:47:52'),
(2, 'تصميم وتصنيع مكتب عمل خشبي', 'تصميم وتصنيع مكتب عمل خشبي مخصص لمكتبي المنزلي. المكتب يجب أن يتميز بتصميم عصري ووظيفي يلبي احتياجاتي وينسجم مع ديكور المكتب. يتضمن المشروع تصميم المكتب بأبعاد وتفاصيل تناسب مساحة المكتب ومتطلباتي الشخصية، وتصنيعه بجودة عالية وباستخدام مواد متينة. يفضل أن يكون النجار لديه خبرة في تصميم وتصنيع الأثاث الخشبي المخصص.', 'portfolio', 0, NULL, NULL, NULL, 17, NULL, '2024-06-28 16:48:42', '2024-06-28 16:48:42'),
(3, 'تصميم وتركيب خزانة ملابس', 'تصميم وتركيب خزانة ملابس مخصصة لغرفة الملابس في منزلي. الخزانة يجب أن تكون عملية وجمالية، وتلبي احتياجات تخزين ملابسي بشكل مثالي. يشمل المشروع تصميم الخزانة بأبعاد وتفاصيل تتناسب مع المساحة المتاحة واحتياجاتي الشخصية، وتركيبها بشكل متقن وفقًا للمواصفات المطلوبة. يفضل أن يكون النجار لديه خبرة في تصميم وتركيب الخزائن الملابس المخصصة. المهمة متاحة كعمل حر وليست توظيفًا في شركة أو فريق.', 'portfolio', 0, NULL, NULL, NULL, 17, NULL, '2024-06-28 16:49:22', '2024-06-28 16:49:22'),
(4, 'تصميم وتصنيع مجموعة أثاث خشبي للمطبخ', 'تصميم وتصنيع مجموعة أثاث خشبي مخصصة للمطبخ في منزلي. المجموعة تشمل الأرفف، والخزائن، والأدراج، والمسطحات، وغيرها من العناصر الضرورية لتوفير التخزين والعملية في المطبخ. يجب أن يتم تصميم وتنفيذ الأثاث بأسلوب عصري وجمالي يتناسب مع ديكور المطبخ ويحقق الاستخدام الأمثل للمساحة المتاحة.', 'portfolio', 0, NULL, NULL, NULL, 18, NULL, '2024-06-28 16:57:01', '2024-06-28 16:57:01'),
(5, 'تصميم وتصنيع مظلة خشبية للفناء الأمامي', 'تصميم وتصنيع مظلة خشبية مميزة للفناء الأمامي في منزلي. المظلة يجب أن تكون عملية وجمالية، وتوفر الظل والحماية من الشمس والعوامل الجوية، بالإضافة إلى إضفاء الطابع الجمالي والأناقة على المنزل. يشمل المشروع تصميم المظلة بأسلوب يتناسب مع هيكل المنزل وجماليات الفناء، وتصنيعها بجودة عالية واستخدام مواد متينة ومقاومة للعوامل الجوية.', 'portfolio', 0, NULL, NULL, NULL, 18, NULL, '2024-06-28 16:57:57', '2024-06-28 16:57:57'),
(6, 'تصميم وتصنيع مقاعد خشبية للمطعم الخارجي', 'تصميم وتصنيع مقاعد خشبية مريحة وأنيقة للمطعم الخارجي. المقاعد يجب أن تكون متينة ومناسبة للاستخدام في الهواء الطلق، وتوفر الراحة للزبائن أثناء تناول الطعام. يشمل المشروع تصميم المقاعد بأسلوب يتناسب مع جماليات المكان وأسلوب المطعم، وتصنيعها بجودة عالية واستخدام مواد متينة ومقاومة للعوامل الجوية.', 'portfolio', 0, NULL, NULL, NULL, 18, NULL, '2024-06-28 16:59:04', '2024-06-28 16:59:04'),
(7, 'تصميم وتصنيع مكتب عمل خشبي', 'أبحث عن نجار ماهر لتصميم وتصنيع مكتب عمل خشبي مخصص لمكتبي المنزلي. المكتب يجب أن يتميز بتصميم عصري ووظيفي يلبي احتياجاتي وينسجم مع ديكور المكتب. يتضمن المشروع تصميم المكتب بأبعاد وتفاصيل تناسب مساحة المكتب ومتطلباتي الشخصية، وتصنيعه بجودة عالية وباستخدام مواد متينة. يفضل أن يكون النجار لديه خبرة في تصميم وتصنيع الأثاث الخشبي المخصص.', 'finished', 5000, 'طلخا', 'الدقهلية - مدينة طلخا', '01065242718', 17, 10, '2024-06-28 18:12:38', '2024-06-28 18:12:38'),
(8, 'تصميم وتركيب خزانة ملابس', 'أبحث عن نجار ماهر لتصميم وتركيب خزانة ملابس مخصصة لغرفة الملابس في منزلي. الخزانة يجب أن تكون عملية وجمالية، وتلبي احتياجات تخزين ملابسي بشكل مثالي. يشمل المشروع تصميم الخزانة بأبعاد وتفاصيل تتناسب مع المساحة المتاحة واحتياجاتي الشخصية، وتركيبها بشكل متقن وفقًا للمواصفات المطلوبة. يفضل أن يكون النجار لديه خبرة في تصميم وتركيب الخزائن الملابس المخصصة. المهمة متاحة كعمل حر وليست توظيفًا في شركة أو فريق.', 'finished', 5500, 'المنصورة', 'الدقهلية - مدينة المنصورة - شارع الجلاء', '01065242719', 17, 11, '2024-06-28 18:13:40', '2024-06-28 18:13:40'),
(9, 'تصميم وتصنيع مجموعة أثاث خشبي للمطبخ', 'أبحث عن نجار ماهر لتصميم وتصنيع مجموعة أثاث خشبي مخصصة للمطبخ في منزلي. المجموعة تشمل الأرفف، والخزائن، والأدراج، والمسطحات، وغيرها من العناصر الضرورية لتوفير التخزين والعملية في المطبخ. يجب أن يتم تصميم وتنفيذ الأثاث بأسلوب عصري وجمالي يتناسب مع ديكور المطبخ ويحقق الاستخدام الأمثل للمساحة المتاحة.', 'finished', 4000, 'طلخا', 'الدقهلية - مدينة طلخا', '01065242720', 17, 12, '2024-06-28 18:14:30', '2024-06-28 18:14:30'),
(10, 'تصميم وتصنيع مظلة خشبية للفناء الأمامي', 'أبحث عن نجار ماهر لتصميم وتصنيع مظلة خشبية مميزة للفناء الأمامي في منزلي. المظلة يجب أن تكون عملية وجمالية، وتوفر الظل والحماية من الشمس والعوامل الجوية، بالإضافة إلى إضفاء الطابع الجمالي والأناقة على المنزل. يشمل المشروع تصميم المظلة بأسلوب يتناسب مع هيكل المنزل وجماليات الفناء، وتصنيعها بجودة عالية واستخدام مواد متينة ومقاومة للعوامل الجوية.', 'finished', 3200, 'المنصورة', 'الدقهلية - مدينة المنصورة - شارع الجلاء', '01065242721', 17, 13, '2024-06-28 18:15:20', '2024-06-28 18:15:20'),
(11, 'تصميم وتصنيع مقاعد خشبية للمطعم الخارجي', 'أبحث عن نجار ماهر لتصميم وتصنيع مقاعد خشبية مريحة وأنيقة للمطعم الخارجي. المقاعد يجب أن تكون متينة ومناسبة للاستخدام في الهواء الطلق، وتوفر الراحة للزبائن أثناء تناول الطعام. يشمل المشروع تصميم المقاعد بأسلوب يتناسب مع جماليات المكان وأسلوب المطعم، وتصنيعها بجودة عالية واستخدام مواد متينة ومقاومة للعوامل الجوية.', 'finished', 4300, 'طلخا', 'كفر الشيخ - مدينة كفر الشيخ - شارع الجمهورية', '01065242722', 17, 14, '2024-06-28 18:16:22', '2024-06-28 18:16:22'),
(12, 'مطلوب نجار لتجديد أثاث قديم', 'نبحث عن نجار محترف لإعادة تجديد أثاث قديم مصنوع من خشب الزان. المهمة تشمل:\nاستبدال المفصلات القديمة بمفصلات جديدة.\nإعادة دهان الأثاث بلون جديد لإعطائه مظهراً حديثاً .\nيجب على المتقدمين أن يكونوا ذوي خبرة في التعامل مع الأثاث الكلاسيكي ويمتلكون مهارات دقيقة في النجارة والدهان. .', 'finished', 3000, 'المنصورة', 'الدقهلية - مدينة المنصورة - شارع الجلاء', '1065242790', 16, 1, '2024-06-28 18:31:31', '2024-06-28 18:31:31'),
(13, 'تركيب باب خشبي جديد', 'نبحث عن نجار ماهر لتركيب باب خشبي جديد في مدخل المنزل. المهمة تشمل:\nقياس وتصميم الباب ليتناسب بشكل مثالي مع إطار المدخل.\nتركيب المفصلات والقفل بشكل دقيق لضمان الأمان والكفاءة.\nدهان الباب بطبقة واقية لإطالة عمره والحفاظ على مظهره الجمالي.', 'finished', 4000, 'طلخا', 'الدقهلية - مدينة طلخا', '01065242710', 16, 2, '2024-06-28 18:32:19', '2024-06-28 18:32:19'),
(14, 'إصلاح باب خشبي', 'أبحث عن نجار ماهر لإصلاح باب خشبي في منزلي. الباب به مشاكل في المفصلات وربما يحتاج إلى تغييرها، بالإضافة إلى بعض الإصلاحات الأخرى التي قد تكون ضرورية. يجب أن يكون النجار خبيرًا في إصلاح الأبواب الخشبية ويمتلك الأدوات اللازمة للقيام بالعمل بشكل جيد.', 'finished', 3500, 'طلخا', 'الدقهلية - مدينة طلخا', '01065242712', 18, 4, '2024-06-28 18:34:41', '2024-06-28 18:34:41'),
(15, 'تصميم وتنفيذ رفوف خشبية', 'أبحث عن نجار ماهر لتصميم وتنفيذ رفوف خشبية مخصصة لمكتبتي الشخصية. الرفوف يجب أن تكون عملية وجمالية، وتتناسب مع ديكور المكتبة واحتياجاتي التخزينية. يتضمن المشروع تصميم الرفوف بشكل يلبي احتياجاتي وتنفيذها بشكل متقن وباستخدام مواد عالية الجودة. يفضل أن يكون النجار لديه خبرة في تصميم وتنفيذ الرفوف الخشبية المخصصة.', 'finished', 4100, 'المنصورة', 'الدقهلية - مدينة المنصورة - شارع الجلاء', '01065242713', 18, 5, '2024-06-28 18:35:26', '2024-06-28 18:35:26'),
(16, 'تصميم وتنفيذ منصة خشبية للحديقة', 'أبحث عن نجار ماهر لتصميم وتنفيذ منصة خشبية مميزة لحديقتي. المنصة يجب أن تكون مريحة وعملية، مثالية للاسترخاء والتسلية في الهواء الطلق. يشتمل المشروع على تصميم المنصة بشكل يتناسب مع مساحة الحديقة واحتياجاتي، وتنفيذها بشكل متقن باستخدام مواد ذات جودة عالية. يفضل أن يكون النجار لديه خبرة في تصميم وتنفيذ المنصات الخشبية للحدائق.', 'finished', 2000, 'طلخا', 'الدقهلية - مدينة طلخا', '01065242714', 18, 6, '2024-06-28 18:36:24', '2024-06-28 18:36:24'),
(17, 'تركيب سخان مياه', 'قمت بمهمة تركيب سخان مياه جديد بنجاح. تشمل المهام التي تم تنفيذها ما يلي\r\nإزالة السخان القديم بشكل آمن وسليم.\r\nتركيب السخان الجديد وضبط جميع التوصيلات الكهربائية والمائية بدقة.\r\nالتأكد من عمل السخان بكفاءة وتوفير الماء الساخن بشكل مستمر وفعال.\r\nتم تنفيذ هذه المهمة مع مراعاة جميع معايير السلامة والجودة لضمان تقديم أفضل أداء للسخان الجديد. بفضل الخبرة والمعرفة الواسعة بالتوصيلات الكهربائية والمائية، تم الانتهاء من المهمة بنجاح وفي وقت قياسي.', 'portfolio', 0, NULL, NULL, NULL, 2, NULL, '2024-06-28 18:36:37', '2024-06-28 18:36:37'),
(19, 'تركيب مضخة مياه', 'قمت بتنفيذ مهمة تركيب مضخة مياه جديدة بنجاح. تشمل المهام التي تم تنفيذها ما يلي:\r\nاختيار النوع المناسب من المضخة بناءً على احتياجات المنزل.\r\nتركيب المضخة وضبط جميع التوصيلات الكهربائية والمائية بشكل صحيح ودقيق.\r\nالتأكد من عمل المضخة بكفاءة عالية وتوفير الضغط المطلوب للمياه في جميع أنحاء المنزل.\r\nتمت هذه العملية بمهنية عالية ومع مراعاة جميع معايير السلامة والجودة، مما يضمن أداءً ممتازًا واستمرارية في توفير المياه بضغط مناسب. بفضل الخبرة الواسعة والمعرفة المتعمقة بأنظمة الضغط وتركيب المضخات، تمت المهمة بنجاح وبأعلى مستوى من الكفاءة.', 'portfolio', 0, NULL, NULL, NULL, 2, NULL, '2024-06-28 18:40:07', '2024-06-28 18:40:07'),
(20, 'تركيب حوض استحمام', 'نبحث عن سباك محترف لتركيب حوض استحمام جديد في الحمام\nالمهام تشمل:\nازالة الحوض القديم\nتركيب الحوض الجديد وضبط التوصيلات بشكل صحيح\nالتأكد من عمل الحوض وعدم وجود أي تسريبات', 'finished', 5000, 'المنصورة', 'الدقهلية - المنصورة', '01065242790', 2, 1, '2024-06-28 18:48:29', '2024-06-28 18:48:29'),
(21, 'تركيب مضخة مياه', 'أبحث عن سباك ماهر لتركيب مضخة مياه في منزلي. المهام تشمل:\r\n\r\nاختيار النوع المناسب من المضخة.\r\nتركيب المضخة وضبط التوصيلات بشكل صحيح.\r\nالتأكد من عمل المضخة بكفاءة وتوفير الضغط المطلوب للمياه.\r\nيجب أن يكون السباك لديه خبرة في تركيب مضخات المياه ومعرفة جيدة بأنظمة الضغط.', 'finished', 1000, 'المنصورة', NULL, NULL, 2, 20, '2024-06-28 20:47:20', '2024-06-28 20:47:20'),
(22, 'تصميم وتركيب مظلة خشبية للفناء', 'قمت بتصميم وتركيب مظلة خشبية مميزة لفناء منزلي، وهي تجسد دقة التصميم والجودة في التنفيذ. المظلة توفر الظل والحماية الكاملة من الشمس والعوامل الجوية، مع إضافة جمالية فريدة للمكان. تم تصميم المظلة بأبعاد مثالية لتناسب المساحة، وتم تركيبها بمهارة عالية وباستخدام مواد خشبية متينة وجودة عالية. استخدمت خبراتي في تصميم وتركيب المظلات الخشبية للفناء لضمان رضا العميل وتحقيق النتائج المرجوة.', 'portfolio', 0, NULL, NULL, NULL, 17, NULL, '2024-06-28 22:18:37', '2024-06-28 22:18:37'),
(23, 'عمل جديد', 'عمل جديدعمل جديدعمل جديدعمل جديدعمل جديدعمل جديدعمل جديدعمل جديدعمل جديدعمل جديدعمل جديدعمل جديدعمل جديدعمل جديدعمل جديد', 'portfolio', 0, NULL, NULL, NULL, 17, NULL, '2024-06-29 05:05:17', '2024-06-29 05:05:17');

-- --------------------------------------------------------

--
-- Table structure for table `craftsman_done_jobs_images`
--

CREATE TABLE `craftsman_done_jobs_images` (
  `id` bigint(20) UNSIGNED NOT NULL,
  `image` varchar(255) COLLATE utf8mb4_unicode_ci DEFAULT NULL,
  `craftsmanDoneJob_id` bigint(20) UNSIGNED NOT NULL,
  `created_at` timestamp NULL DEFAULT NULL,
  `updated_at` timestamp NULL DEFAULT NULL
) ENGINE=InnoDB DEFAULT CHARSET=utf8mb4 COLLATE=utf8mb4_unicode_ci;

--
-- Dumping data for table `craftsman_done_jobs_images`
--

INSERT INTO `craftsman_done_jobs_images` (`id`, `image`, `craftsmanDoneJob_id`, `created_at`, `updated_at`) VALUES
(1, 'done_jobs/VQVfEkLTKolUeDR4.jpg', 1, '2024-06-28 16:47:52', '2024-06-28 16:47:52'),
(2, 'done_jobs/0daGyCzShWqRPByF.jpg', 1, '2024-06-28 16:47:52', '2024-06-28 16:47:52'),
(10, 'done_jobs/9qVGBJp69Gmu5vdR.jpg', 2, '2024-06-28 16:55:28', '2024-06-28 16:55:28'),
(11, 'done_jobs/z39ycvAasW4Bs3ch.jpg', 2, '2024-06-28 16:55:28', '2024-06-28 16:55:28'),
(12, 'done_jobs/8WhQ01FfheRzK1DM.jpg', 2, '2024-06-28 16:55:28', '2024-06-28 16:55:28'),
(13, 'done_jobs/QTlL2psBV34oi4BN.jpg', 3, '2024-06-28 16:55:54', '2024-06-28 16:55:54'),
(14, 'done_jobs/HSZs9QKuO5N2TZi7.jpg', 3, '2024-06-28 16:55:54', '2024-06-28 16:55:54'),
(15, 'done_jobs/cLyQtmdaeavHIHRd.jpg', 3, '2024-06-28 16:55:54', '2024-06-28 16:55:54'),
(16, 'done_jobs/92V9qmSbEuOI8vXZ.jpeg', 4, '2024-06-28 16:57:01', '2024-06-28 16:57:01'),
(17, 'done_jobs/oqsN6IvRda1yhb03.jpg', 5, '2024-06-28 16:57:57', '2024-06-28 16:57:57'),
(18, 'done_jobs/75Hw6Sxb2LKIweCE.jpg', 6, '2024-06-28 16:59:04', '2024-06-28 16:59:04'),
(19, 'done_jobs/mdDQFpUWs5hRwMXQ.jpg', 6, '2024-06-28 16:59:04', '2024-06-28 16:59:04'),
(20, 'done_jobs/3JV4NDwg6T5JSzSZ.jpg', 6, '2024-06-28 16:59:04', '2024-06-28 16:59:04'),
(21, 'done_jobs/TfCMjQbx8yDBB065.jpg', 6, '2024-06-28 16:59:04', '2024-06-28 16:59:04'),
(22, 'done_jobs/UMYyarOCPqIfgRYt.jpg', 6, '2024-06-28 16:59:04', '2024-06-28 16:59:04'),
(23, 'done_jobs/MhjWgwDZ8oVDEZ7G.jpg', 6, '2024-06-28 16:59:04', '2024-06-28 16:59:04'),
(24, 'done_jobs/8HnVp4BJ8xOsxRNA.jpg', 7, '2024-06-28 18:12:38', '2024-06-28 18:12:38'),
(25, 'done_jobs/NHBfZcgW6hPJTCQg.jpg', 7, '2024-06-28 18:12:38', '2024-06-28 18:12:38'),
(26, 'done_jobs/nqBEl5xfwWnJmt4C.jpg', 7, '2024-06-28 18:12:38', '2024-06-28 18:12:38'),
(27, 'done_jobs/k5zHpG6vgDEQ7A3A.jpg', 8, '2024-06-28 18:13:40', '2024-06-28 18:13:40'),
(28, 'done_jobs/icC4GBIrOkNAiRw3.jpg', 8, '2024-06-28 18:13:40', '2024-06-28 18:13:40'),
(29, 'done_jobs/0cpr74WszVLjXsWS.jpeg', 9, '2024-06-28 18:14:30', '2024-06-28 18:14:30'),
(30, 'done_jobs/bAc2cWNNIHw3cBQm.jpg', 10, '2024-06-28 18:15:20', '2024-06-28 18:15:20'),
(31, 'done_jobs/BxTTbHuKD1Fo48Zr.jpg', 11, '2024-06-28 18:16:22', '2024-06-28 18:16:22'),
(32, 'done_jobs/JmIumymbGYO5NcCB.jpg', 11, '2024-06-28 18:16:22', '2024-06-28 18:16:22'),
(33, 'done_jobs/vSSx83TRMktLwW66.jpg', 11, '2024-06-28 18:16:22', '2024-06-28 18:16:22'),
(34, 'done_jobs/VyjrsHJ6O4mcXENu.jpg', 12, '2024-06-28 18:31:31', '2024-06-28 18:31:31'),
(35, 'done_jobs/F1zH54fusTDWrFRd.jpg', 12, '2024-06-28 18:31:31', '2024-06-28 18:31:31'),
(36, 'done_jobs/ErCvhzlplaFQC5rt.jpg', 12, '2024-06-28 18:31:31', '2024-06-28 18:31:31'),
(37, 'done_jobs/FwcChaz5l4WZ7dOc.jpg', 13, '2024-06-28 18:32:19', '2024-06-28 18:32:19'),
(38, 'done_jobs/LjQZcZDlHEnvAP2v.jpg', 14, '2024-06-28 18:34:41', '2024-06-28 18:34:41'),
(39, 'done_jobs/3DlriawSWYKcFvoN.jpg', 15, '2024-06-28 18:35:26', '2024-06-28 18:35:26'),
(40, 'done_jobs/9RFrcrhC8Si4FAVy.jpg', 15, '2024-06-28 18:35:26', '2024-06-28 18:35:26'),
(41, 'done_jobs/QkMsw7hfHADINpZe.jpg', 16, '2024-06-28 18:36:24', '2024-06-28 18:36:24'),
(42, 'done_jobs/0mCAKy9N0kiN8v4n.jpg', 17, '2024-06-28 18:36:37', '2024-06-28 18:36:37'),
(44, 'done_jobs/3dZoqQ8P6OJBe3aP.jpg', 19, '2024-06-28 18:40:07', '2024-06-28 18:40:07'),
(45, 'done_jobs/14uqDQqQtpvkZxjz.jpg', 22, '2024-06-28 22:18:37', '2024-06-28 22:18:37'),
(46, 'done_jobs/zTeRgCoXiNMnSBuD.jpg', 23, '2024-06-29 05:05:17', '2024-06-29 05:05:17');

-- --------------------------------------------------------

--
-- Table structure for table `craftsman_done_jobs_ratings`
--

CREATE TABLE `craftsman_done_jobs_ratings` (
  `id` bigint(20) UNSIGNED NOT NULL,
  `rating` tinyint(3) UNSIGNED NOT NULL,
  `comment` text COLLATE utf8mb4_unicode_ci NOT NULL,
  `craftsmanDoneJob_id` bigint(20) UNSIGNED NOT NULL,
  `client_id` bigint(20) UNSIGNED NOT NULL,
  `created_at` timestamp NULL DEFAULT NULL,
  `updated_at` timestamp NULL DEFAULT NULL
) ENGINE=InnoDB DEFAULT CHARSET=utf8mb4 COLLATE=utf8mb4_unicode_ci;

--
-- Dumping data for table `craftsman_done_jobs_ratings`
--

INSERT INTO `craftsman_done_jobs_ratings` (`id`, `rating`, `comment`, `craftsmanDoneJob_id`, `client_id`, `created_at`, `updated_at`) VALUES
(1, 4, 'كان راقي في تعامله', 7, 10, '2024-06-28 18:12:38', '2024-06-28 18:12:38'),
(2, 1, 'الشغل مش زي ما توقعت', 8, 11, '2024-06-28 18:13:40', '2024-06-28 18:13:40'),
(3, 3, 'كان عايز يزود في السعر', 9, 12, '2024-06-28 18:14:30', '2024-06-28 18:14:30'),
(4, 5, 'من أحسن الناس اللي اتعاملت معاها', 10, 13, '2024-06-28 18:15:20', '2024-06-28 18:15:20'),
(5, 5, 'شغل ممتاز وبجودة حلوة', 11, 14, '2024-06-28 18:16:22', '2024-06-28 18:16:22'),
(6, 5, 'شغل ممتاز وبجودة حلوة', 12, 1, '2024-06-28 18:31:31', '2024-06-28 18:31:31'),
(7, 2, 'كان عصبي دائما', 13, 2, '2024-06-28 18:32:19', '2024-06-28 18:32:19'),
(8, 2, 'كان عصبي دائما', 14, 4, '2024-06-28 18:34:41', '2024-06-28 18:34:41'),
(9, 4, 'صنايعي محترم', 15, 5, '2024-06-28 18:35:26', '2024-06-28 18:35:26'),
(10, 1, 'لا أنصح بالتعامل مع الصنايعي دة', 16, 6, '2024-06-28 18:36:24', '2024-06-28 18:36:24'),
(11, 5, 'صنايعي ملتزم بمواعيده وملتزم بالسعر', 20, 1, '2024-06-28 18:48:29', '2024-06-28 18:48:29'),
(12, 5, 'كانت تجربتي معه ممتازة. قام باختيار النوع المناسب يلبي احتياجاتي بشكل مثالي، واهتم بتركيب النظام وضبط التوصيلات بعناية ودقة.', 21, 20, '2024-06-28 20:47:20', '2024-06-28 20:47:20');

-- --------------------------------------------------------

--
-- Table structure for table `craftsman_jobs`
--

CREATE TABLE `craftsman_jobs` (
  `id` bigint(20) UNSIGNED NOT NULL,
  `title` varchar(255) COLLATE utf8mb4_unicode_ci NOT NULL,
  `description` varchar(1000) COLLATE utf8mb4_unicode_ci NOT NULL,
  `price` decimal(10,0) NOT NULL,
  `city` varchar(255) COLLATE utf8mb4_unicode_ci NOT NULL,
  `address` varchar(255) COLLATE utf8mb4_unicode_ci DEFAULT NULL,
  `phone` varchar(255) COLLATE utf8mb4_unicode_ci DEFAULT NULL,
  `start_date` datetime DEFAULT NULL,
  `end_date` datetime DEFAULT NULL,
  `status` varchar(255) COLLATE utf8mb4_unicode_ci NOT NULL DEFAULT 'unfinished',
  `type_of_pricing` varchar(255) COLLATE utf8mb4_unicode_ci DEFAULT NULL,
  `craftsman_id` bigint(20) UNSIGNED NOT NULL,
  `client_id` bigint(20) UNSIGNED NOT NULL,
  `created_at` timestamp NULL DEFAULT NULL,
  `updated_at` timestamp NULL DEFAULT NULL
) ENGINE=InnoDB DEFAULT CHARSET=utf8mb4 COLLATE=utf8mb4_unicode_ci;

--
-- Dumping data for table `craftsman_jobs`
--

INSERT INTO `craftsman_jobs` (`id`, `title`, `description`, `price`, `city`, `address`, `phone`, `start_date`, `end_date`, `status`, `type_of_pricing`, `craftsman_id`, `client_id`, `created_at`, `updated_at`) VALUES
(9, 'تصميم وتركيب باب خشبي للمدخل الرئيسي', 'أبحث عن نجار ماهر لتصميم وتركيب باب خشبي فاخر للمدخل الرئيسي في منزلي. الباب يجب أن يكون أنيقًا وعمليًا، ويعكس طابع الفخامة والجمالية للمنزل. يشمل المشروع تصميم الباب بأسلوب يتناسب مع هيكل المنزل والديكور الداخلي والخارجي، وتركيبه بشكل محكم واستخدام مواد عالية الجودة ومتينة.', 4100, 'طلخا', 'الدقهلية - مدينة طلخا', '01065242724', '2024-06-28 00:00:00', '2024-07-28 00:00:00', 'unfinished', 'متر مربع', 17, 16, '2024-06-28 17:55:30', '2024-06-28 17:55:30'),
(10, 'تركيب سياج خشبي للحديقة الخلفية', 'أبحث عن نجار ماهر لتركيب سياج خشبي متين وجميل للحديقة الخلفية في منزلي. السياج يجب أن يوفر الخصوصية والأمان، ويعزز جمالية المكان. يشمل المشروع تصميم السياج بأسلوب يتناسب مع هيكل المنزل وتنسيقه مع النباتات والديكورات الحديقية، وتركيبه بشكل محكم واستخدام مواد عالية الجودة.', 2600, 'المنصورة', 'الدقهلية - مدينة المنصورة - شارع الجلاء', '01065242723', '2024-06-28 00:00:00', '2024-07-28 00:00:00', 'unfinished', 'متر طولي', 17, 15, '2024-06-28 17:55:37', '2024-06-28 17:55:37'),
(16, 'تصميم وتركيب مظلة خشبية للفناء', 'أبحث عن نجار ماهر لتصميم وتركيب مظلة خشبية مميزة لفناء منزلي. المظلة يجب أن توفر الظل والحماية من الشمس والعوامل الجوية، بالإضافة إلى إضفاء جمالية على المكان. يشمل المشروع تصميم المظلة بأبعاد مناسبة وتركيبها بشكل متين وجيد التنفيذ. يفضل أن يكون النجار لديه خبرة في تصميم وتركيب المظلات الخشبية للفناء.', 2000, 'المنصورة', 'الدقهلية - مدينة المنصورة - شارع الجلاء', '01065242717', '2024-06-28 00:00:00', '2024-07-28 00:00:00', 'unfinished', 'متر طولي', 17, 9, '2024-06-28 18:17:23', '2024-06-28 18:17:23'),
(17, 'تجديد سور خشبي للمنزل', 'أبحث عن نجار ماهر لتجديد سور خشبي متآكل حول منزلي. السور يحتاج إلى إصلاح وتجديد، بما في ذلك تغيير الأجزاء المتضررة وإعادة دهان السور بالكامل. يجب أن يكون النجار قادرًا على تقديم تقدير دقيق لأعمال الصيانة والتجديد المطلوبة، وتنفيذها بجودة عالية وفي الوقت المحدد. المهمة متاحة كعمل حر وليست توظيفًا في شركة أو فريق.', 3600, 'طلخا', 'الدقهلية - مدينة طلخا', '01065242716', '2024-06-28 00:00:00', '2024-07-28 00:00:00', 'unfinished', 'متر طولي', 18, 8, '2024-06-28 18:23:30', '2024-06-28 18:23:30'),
(18, 'تصميم وتنفيذ سرير خشبي', 'أبحث عن نجار ماهر لتصميم وتنفيذ سرير خشبي مخصص وفقًا لتفضيلاتي الشخصية. يجب أن يكون السرير عمليًا وجماليًا، مع مراعاة الراحة والجودة. يتضمن المشروع تصميم السرير بأبعاد وتفاصيل تناسب احتياجاتي، وتنفيذه بمهارة واستخدام مواد عالية الجودة. يفضل أن يكون النجار لديه خبرة في تصميم وتنفيذ الأثاث الخشبي المخصص.', 2500, 'المنصورة', 'الدقهلية - مدينة المنصورة - شارع الجلاء', '01065242715', '2024-06-28 00:00:00', '2024-07-28 00:00:00', 'unfinished', 'متر مربع', 18, 7, '2024-06-28 18:23:38', '2024-06-28 18:23:38'),
(22, 'تصميم وتركيب سور خشبي للحديقة', 'أبحث عن نجار ماهر لتصميم وتركيب سور خشبي مميز لحديقتي. السور يجب أن يكون عمليًا وجماليًا، ويتناسب مع بيئة الحديقة. يشتمل المشروع على تصميم السور واختيار الخامات المناسبة وتركيبها بشكل متقن. يفضل أن يكون النجار لديه خبرة في تصميم وتركيب السور الخشبي.', 2700, 'المنصورة', 'الدقهلية - مدينة المنصورة - شارع الجلاء', '01065242711', '2024-06-28 00:00:00', '2024-07-28 00:00:00', 'unfinished', 'مقاولة', 16, 3, '2024-06-28 18:26:28', '2024-06-28 18:26:28'),
(26, 'إصلاح أنابيب المياه المتسربة', 'أبحث عن سباك ماهر لإصلاح أنابيب المياه المتسربة في منزلي. المهام تشمل:\r\nتحديد مصدر التسريب.\r\nإصلاح أو استبدال الأجزاء التالفة من الأنابيب.\r\nالتأكد من عدم وجود تسريبات أخرى وضمان عمل الأنابيب بكفاءة.\r\nيجب أن يكون السباك لديه خبرة في إصلاح أنابيب المياه ومهارات دقيقة في التعامل مع مشاكل التسريب.', 600, 'المنصورة', NULL, NULL, '2024-06-29 00:00:00', NULL, 'unfinished', 'المشروع', 2, 20, '2024-06-28 19:41:15', '2024-06-28 19:41:15'),
(27, 'تركيب نظام تنقية المياه', 'أبحث عن سباك ماهر لتركيب نظام تنقية المياه في منزلي. المهام تشمل:\r\n\r\nاختيار النوع المناسب من نظام التنقية.\r\nتركيب النظام وضبط التوصيلات بشكل صحيح.\r\nالتأكد من عمل النظام بكفاءة وتوفير مياه نقية.', 1000, 'المنصورة', NULL, NULL, '2024-07-01 00:00:00', '2024-07-05 00:00:00', 'unfinished', 'المشروع', 2, 20, '2024-06-28 19:55:00', '2024-06-28 19:55:00'),
(29, 'تركيب سخان مياه جديد', 'إزالة السخان القديم بشكل آمن وسليم.\r\nتركيب السخان الجديد وضبط جميع التوصيلات الكهربائية والمائية بدقة.\r\nالتأكد من عمل السخان بكفاءة وتوفير الماء الساخن بشكل مستمر وفعال.', 1000, 'المنصورة', NULL, NULL, '2024-06-30 00:00:00', '2024-07-05 00:00:00', 'unfinished', 'المشروع', 2, 20, '2024-06-28 20:46:35', '2024-06-28 20:46:35');

-- --------------------------------------------------------

--
-- Table structure for table `craftsman_jobs_finished`
--

CREATE TABLE `craftsman_jobs_finished` (
  `id` bigint(20) UNSIGNED NOT NULL,
  `CraftsmanStatus` varchar(255) COLLATE utf8mb4_unicode_ci NOT NULL DEFAULT 'unfinished',
  `ClientStatus` varchar(255) COLLATE utf8mb4_unicode_ci NOT NULL DEFAULT 'unfinished',
  `active_job_id` bigint(20) UNSIGNED NOT NULL,
  `craftsman_id` bigint(20) UNSIGNED NOT NULL,
  `client_id` bigint(20) UNSIGNED DEFAULT NULL,
  `created_at` timestamp NULL DEFAULT NULL,
  `updated_at` timestamp NULL DEFAULT NULL
) ENGINE=InnoDB DEFAULT CHARSET=utf8mb4 COLLATE=utf8mb4_unicode_ci;

--
-- Dumping data for table `craftsman_jobs_finished`
--

INSERT INTO `craftsman_jobs_finished` (`id`, `CraftsmanStatus`, `ClientStatus`, `active_job_id`, `craftsman_id`, `client_id`, `created_at`, `updated_at`) VALUES
(33, 'finished', 'unfinished', 16, 17, NULL, '2024-06-28 22:15:38', '2024-06-28 22:15:38');

-- --------------------------------------------------------

--
-- Table structure for table `craftsman_jobs_images`
--

CREATE TABLE `craftsman_jobs_images` (
  `id` bigint(20) UNSIGNED NOT NULL,
  `image` varchar(255) COLLATE utf8mb4_unicode_ci DEFAULT NULL,
  `job_id` bigint(20) UNSIGNED NOT NULL,
  `created_at` timestamp NULL DEFAULT NULL,
  `updated_at` timestamp NULL DEFAULT NULL
) ENGINE=InnoDB DEFAULT CHARSET=utf8mb4 COLLATE=utf8mb4_unicode_ci;

--
-- Dumping data for table `craftsman_jobs_images`
--

INSERT INTO `craftsman_jobs_images` (`id`, `image`, `job_id`, `created_at`, `updated_at`) VALUES
(7, 'active_jobs/xM4z4czjygUnXjJs.jpg', 9, '2024-06-28 17:55:30', '2024-06-28 17:55:30'),
(8, 'active_jobs/VUlH7c1pP2Bx7PDo.jpg', 10, '2024-06-28 17:55:37', '2024-06-28 17:55:37'),
(23, 'active_jobs/FI6PX20UjmeSVRJP.jpeg', 17, '2024-06-28 18:23:30', '2024-06-28 18:23:30'),
(24, 'active_jobs/P591SZtKx3NkZ4PB.jpg', 18, '2024-06-28 18:23:38', '2024-06-28 18:23:38'),
(25, 'active_jobs/HPxiyEYVYZ7Beoxr.jpg', 18, '2024-06-28 18:23:38', '2024-06-28 18:23:38'),
(30, 'active_jobs/N3XbEktCHqwX1B4R.jpeg', 22, '2024-06-28 18:26:28', '2024-06-28 18:26:28'),
(31, 'active_jobs/MjdVEk6vstGoHWus.jpg', 22, '2024-06-28 18:26:28', '2024-06-28 18:26:28'),
(36, 'active_jobs/Rydtfp2lXfwiCvpn.jpeg', 26, '2024-06-28 19:41:15', '2024-06-28 19:41:15'),
(37, 'active_jobs/s6hhnJiDFtF9kJ0K.jpeg', 27, '2024-06-28 19:55:00', '2024-06-28 19:55:00'),
(39, 'active_jobs/zCSVeamN4VCM1OFo.jpg', 29, '2024-06-28 20:46:35', '2024-06-28 20:46:35');

-- --------------------------------------------------------

--
-- Table structure for table `craftsman_notifications`
--

CREATE TABLE `craftsman_notifications` (
  `id` bigint(20) UNSIGNED NOT NULL,
  `title` varchar(255) COLLATE utf8mb4_unicode_ci NOT NULL,
  `msg` varchar(255) COLLATE utf8mb4_unicode_ci NOT NULL,
  `craftsman_id` bigint(20) UNSIGNED NOT NULL,
  `created_at` timestamp NULL DEFAULT NULL,
  `updated_at` timestamp NULL DEFAULT NULL
) ENGINE=InnoDB DEFAULT CHARSET=utf8mb4 COLLATE=utf8mb4_unicode_ci;

--
-- Dumping data for table `craftsman_notifications`
--

INSERT INTO `craftsman_notifications` (`id`, `title`, `msg`, `craftsman_id`, `created_at`, `updated_at`) VALUES
(10, 'تم الموافقة عليك', 'تم قبولك في العرض الذي قدمت عليه(تجديد سور خشبي للمنزل)', 2, '2024-06-28 10:13:01', '2024-06-28 10:13:01'),
(11, 'تم الموافقة عليك', 'تم قبولك في العرض الذي قدمت عليه(تجديد سور خشبي للمنزل)', 2, '2024-06-28 10:18:57', '2024-06-28 10:18:57'),
(12, 'تم الموافقة عليك', 'تم قبولك في العرض الذي قدمت عليه(تجديد سور خشبي للمنزل)', 2, '2024-06-28 10:20:47', '2024-06-28 10:20:47'),
(13, 'تم الموافقة عليك', 'تم قبولك في العرض الذي قدمت عليه(تصميم وتركيب باب خشبي للمدخل الرئيسي)', 17, '2024-06-28 17:55:30', '2024-06-28 17:55:30'),
(14, 'تم الموافقة عليك', 'تم قبولك في العرض الذي قدمت عليه(تركيب سياج خشبي للحديقة الخلفية)', 17, '2024-06-28 17:55:37', '2024-06-28 17:55:37'),
(15, 'تم الموافقة عليك', 'تم قبولك في العرض الذي قدمت عليه(تصميم وتصنيع مقاعد خشبية للمطعم الخارجي)', 17, '2024-06-28 17:55:44', '2024-06-28 17:55:44'),
(16, 'تم الموافقة عليك', 'تم قبولك في العرض الذي قدمت عليه(تصميم وتصنيع مظلة خشبية للفناء الأمامي)', 17, '2024-06-28 17:55:49', '2024-06-28 17:55:49'),
(17, 'تم الموافقة عليك', 'تم قبولك في العرض الذي قدمت عليه(تصميم وتصنيع مجموعة أثاث خشبي للمطبخ)', 17, '2024-06-28 17:56:00', '2024-06-28 17:56:00'),
(18, 'تم الموافقة عليك', 'تم قبولك في العرض الذي قدمت عليه(تصميم وتركيب خزانة ملابس)', 17, '2024-06-28 17:56:04', '2024-06-28 17:56:04'),
(19, 'تم الموافقة عليك', 'تم قبولك في العرض الذي قدمت عليه(تصميم وتصنيع مكتب عمل خشبي)', 17, '2024-06-28 17:56:08', '2024-06-28 17:56:08'),
(20, 'لقد وافق العميل على إنهاء العمل', 'لقد وافق العميل على إنهاء العمل وقام بتقييمك وستجد هذا العمل في قائمة الأعمال المنتهية', 17, '2024-06-28 18:12:38', '2024-06-28 18:12:38'),
(21, 'لقد وافق العميل على إنهاء العمل', 'لقد وافق العميل على إنهاء العمل وقام بتقييمك وستجد هذا العمل في قائمة الأعمال المنتهية', 17, '2024-06-28 18:13:40', '2024-06-28 18:13:40'),
(22, 'لقد وافق العميل على إنهاء العمل', 'لقد وافق العميل على إنهاء العمل وقام بتقييمك وستجد هذا العمل في قائمة الأعمال المنتهية', 17, '2024-06-28 18:14:30', '2024-06-28 18:14:30'),
(23, 'لقد وافق العميل على إنهاء العمل', 'لقد وافق العميل على إنهاء العمل وقام بتقييمك وستجد هذا العمل في قائمة الأعمال المنتهية', 17, '2024-06-28 18:15:20', '2024-06-28 18:15:20'),
(24, 'لقد وافق العميل على إنهاء العمل', 'لقد وافق العميل على إنهاء العمل وقام بتقييمك وستجد هذا العمل في قائمة الأعمال المنتهية', 17, '2024-06-28 18:16:22', '2024-06-28 18:16:22'),
(25, 'تم الموافقة عليك', 'تم قبولك في العرض الذي قدمت عليه(تصميم وتركيب مظلة خشبية للفناء)', 17, '2024-06-28 18:17:23', '2024-06-28 18:17:23'),
(26, 'تم الموافقة عليك', 'تم قبولك في العرض الذي قدمت عليه(تجديد سور خشبي للمنزل)', 18, '2024-06-28 18:23:30', '2024-06-28 18:23:30'),
(27, 'تم الموافقة عليك', 'تم قبولك في العرض الذي قدمت عليه(تصميم وتنفيذ سرير خشبي)', 18, '2024-06-28 18:23:38', '2024-06-28 18:23:38'),
(28, 'تم الموافقة عليك', 'تم قبولك في العرض الذي قدمت عليه(تصميم وتنفيذ منصة خشبية للحديقة)', 18, '2024-06-28 18:24:10', '2024-06-28 18:24:10'),
(29, 'تم الموافقة عليك', 'تم قبولك في العرض الذي قدمت عليه(تصميم وتنفيذ رفوف خشبية)', 18, '2024-06-28 18:24:44', '2024-06-28 18:24:44'),
(30, 'تم الموافقة عليك', 'تم قبولك في العرض الذي قدمت عليه(إصلاح باب خشبي)', 18, '2024-06-28 18:24:48', '2024-06-28 18:24:48'),
(31, 'تم الموافقة عليك', 'تم قبولك في العرض الذي قدمت عليه(تصميم وتركيب سور خشبي للحديقة)', 16, '2024-06-28 18:26:28', '2024-06-28 18:26:28'),
(32, 'تم الموافقة عليك', 'تم قبولك في العرض الذي قدمت عليه(تركيب باب خشبي جديد)', 16, '2024-06-28 18:26:37', '2024-06-28 18:26:37'),
(33, 'تم الموافقة عليك', 'تم قبولك في العرض الذي قدمت عليه(مطلوب نجار لتجديد أثاث قديم)', 16, '2024-06-28 18:26:45', '2024-06-28 18:26:45'),
(34, 'لقد وافق العميل على إنهاء العمل', 'لقد وافق العميل على إنهاء العمل وقام بتقييمك وستجد هذا العمل في قائمة الأعمال المنتهية', 16, '2024-06-28 18:31:31', '2024-06-28 18:31:31'),
(35, 'لقد وافق العميل على إنهاء العمل', 'لقد وافق العميل على إنهاء العمل وقام بتقييمك وستجد هذا العمل في قائمة الأعمال المنتهية', 16, '2024-06-28 18:32:19', '2024-06-28 18:32:19'),
(36, 'لقد وافق العميل على إنهاء العمل', 'لقد وافق العميل على إنهاء العمل وقام بتقييمك وستجد هذا العمل في قائمة الأعمال المنتهية', 18, '2024-06-28 18:34:41', '2024-06-28 18:34:41'),
(37, 'لقد وافق العميل على إنهاء العمل', 'لقد وافق العميل على إنهاء العمل وقام بتقييمك وستجد هذا العمل في قائمة الأعمال المنتهية', 18, '2024-06-28 18:35:26', '2024-06-28 18:35:26'),
(38, 'لقد وافق العميل على إنهاء العمل', 'لقد وافق العميل على إنهاء العمل وقام بتقييمك وستجد هذا العمل في قائمة الأعمال المنتهية', 18, '2024-06-28 18:36:24', '2024-06-28 18:36:24'),
(39, 'تم الموافقة عليك', 'تم قبولك في العرض الذي قدمت عليه(تركيب حوض استحمام)', 2, '2024-06-28 18:46:35', '2024-06-28 18:46:35'),
(40, 'لقد وافق العميل على إنهاء العمل', 'لقد وافق العميل على إنهاء العمل وقام بتقييمك وستجد هذا العمل في قائمة الأعمال المنتهية', 2, '2024-06-28 18:48:29', '2024-06-28 18:48:29'),
(41, 'تم الموافقة عليك', 'تم قبولك في العرض الذي قدمت عليه(إصلاح أنابيب المياه المتسربة)', 2, '2024-06-28 19:41:15', '2024-06-28 19:41:15'),
(42, 'تم الموافقة عليك', 'تم قبولك في العرض الذي قدمت عليه(تركيب نظام تنقية المياه)', 2, '2024-06-28 19:55:00', '2024-06-28 19:55:00'),
(43, 'تم الموافقة عليك', 'تم قبولك في العرض الذي قدمت عليه(تركيب مضخة مياه)', 2, '2024-06-28 20:26:45', '2024-06-28 20:26:45'),
(44, 'تم الموافقة عليك', 'تم قبولك في العرض الذي قدمت عليه(تركيب سخان مياه جديد)', 2, '2024-06-28 20:46:35', '2024-06-28 20:46:35'),
(45, 'لقد وافق العميل على إنهاء العمل', 'لقد وافق العميل على إنهاء العمل وقام بتقييمك وستجد هذا العمل في قائمة الأعمال المنتهية', 2, '2024-06-28 20:47:20', '2024-06-28 20:47:20');

-- --------------------------------------------------------

--
-- Table structure for table `craftsmen`
--

CREATE TABLE `craftsmen` (
  `id` bigint(20) UNSIGNED NOT NULL,
  `name` varchar(255) COLLATE utf8mb4_unicode_ci NOT NULL,
  `email` varchar(255) COLLATE utf8mb4_unicode_ci NOT NULL,
  `password` varchar(255) COLLATE utf8mb4_unicode_ci DEFAULT NULL,
  `address` varchar(255) COLLATE utf8mb4_unicode_ci DEFAULT NULL,
  `status` enum('free','busy') COLLATE utf8mb4_unicode_ci DEFAULT NULL,
  `availability` enum('available','unavailable') COLLATE utf8mb4_unicode_ci DEFAULT NULL,
  `description` varchar(1000) COLLATE utf8mb4_unicode_ci DEFAULT NULL,
  `image` varchar(255) COLLATE utf8mb4_unicode_ci DEFAULT NULL,
  `craft_id` bigint(20) UNSIGNED DEFAULT NULL,
  `social_id` varchar(255) COLLATE utf8mb4_unicode_ci DEFAULT NULL,
  `social_type` varchar(255) COLLATE utf8mb4_unicode_ci DEFAULT NULL,
  `created_at` timestamp NULL DEFAULT NULL,
  `updated_at` timestamp NULL DEFAULT NULL
) ENGINE=InnoDB DEFAULT CHARSET=utf8mb4 COLLATE=utf8mb4_unicode_ci;

--
-- Dumping data for table `craftsmen`
--

INSERT INTO `craftsmen` (`id`, `name`, `email`, `password`, `address`, `status`, `availability`, `description`, `image`, `craft_id`, `social_id`, `social_type`, `created_at`, `updated_at`) VALUES
(1, 'عمر', 'omtb1990@gmail.com', '$2y$10$bUfrUoTxz8Em0gqxk4rHVeaOCRov72mmVAjBrt9MTC7xURaZ1uueu', 'الدقهلية, طلخا, الموقف ', 'free', NULL, 'أنا السباك، أقوم بتركيب وصيانة أنظمة السباكة والأنابيب', 'craftsman/ttovMTmlBv7XfkEN.jfif', 2, NULL, NULL, '2024-06-27 22:44:47', '2024-06-27 23:20:22'),
(2, 'أحمد', 'ahmad@gmail.com', '$2y$10$dk361RBBMf0zPlPV.LodZ.y86v7AY8vfBYvR8rG6SL9ssDqA4tby2', 'الدقهلية, المنصورة, شارع الترعة', 'busy', NULL, 'سباك، أقوم بتركيب وصيانة أنظمة السباكة والأنابيب', 'craftsman/WVst2UZPtBrjocqL.jfif', 2, NULL, NULL, '2024-06-27 22:45:13', '2024-06-28 19:41:15'),
(3, 'أيمن', 'aeman@gmail.com', '$2y$10$mq6xPnWTlDeae3Ux5gUn8OLWsJ9/BCn.5b4J5LrSlO0IFiPitqkNK', 'الدقهلية, طلخا, الموقف ', 'free', NULL, 'أنا الحداد، أعمل على تشكيل المعادن وتصنيع الأدوات والأجزاء المعدنية', 'craftsman/z2GKTPjkbSClXfwQ.jfif', 4, NULL, NULL, '2024-06-27 22:45:40', '2024-06-27 23:21:00'),
(4, 'إسلام', 'islam@gmail.com', '$2y$10$NZK1HeGqb2LdhS5RL5Y46.roQgL8sAGwsi.faYGBGmTeJ8iZr2gt6', 'الدقهلية, المنصورة, شارع الترعة', 'free', NULL, 'أنا الحداد، أعمل على تشكيل المعادن وتصنيع الأدوات والأجزاء المعدنية', 'craftsman/sEXFasIB61fT1Qg6.jfif', 4, NULL, NULL, '2024-06-27 22:45:57', '2024-06-27 23:21:11'),
(5, 'عبد الله', 'adballah@gmail.com', '$2y$10$RAzfawR9nF0NWtfdfD7xyOJbvFvVP4Been5loh6KhldQC3khGNmm2', 'الدقهلية, طلخا, الموقف ', 'free', NULL, 'أنا الدهان، أقوم بتلوين الجدران والأسطح وتجديد المظهر الخارجي', 'craftsman/WBZBPD3FyEGen7TA.jfif', 5, NULL, NULL, '2024-06-27 22:46:43', '2024-06-27 23:21:30'),
(6, 'محمد', 'mohammed@gmail.com', '$2y$10$igdzs1nErzYfRIB2Xipt3u9cExhru9yBKgcvNUXSNybRh21/5.a6G', 'الدقهلية, المنصورة, شارع الترعة', 'free', NULL, 'أنا الدهان، أقوم بتلوين الجدران والأسطح وتجديد المظهر الخارجي', 'craftsman/2lNUzGr03wsH3v6T.jfif', 5, NULL, NULL, '2024-06-27 22:47:03', '2024-06-27 23:21:43'),
(7, 'يوسف', 'yusuf@gmail.com', '$2y$10$J1k7DYp29CcV98/JL6us8OesFCFxP3gNmWIV4u0qyGioKOOJ930wS', 'الدقهلية, طلخا, الموقف ', 'free', NULL, 'أعمل في مجال البناء والتشييد', 'craftsman/IKQcGqToWkZtcSQ1.jfif', 7, NULL, NULL, '2024-06-27 22:47:25', '2024-06-27 23:22:03'),
(8, 'علي', 'ali@gmail.com', '$2y$10$xdQbTSIWCwtrK9fw/hJgJ.5jwLOmSv4aGlndSI0Izt5PSnceybs5W', 'الدقهلية, المنصورة, شارع الترعة', 'free', NULL, 'أعمل في مجال البناء والتشييد', 'craftsman/5VjWi1yjbEGiZb8I.jfif', 7, NULL, NULL, '2024-06-27 22:47:55', '2024-06-27 23:22:13'),
(9, 'خالد', 'khaled@gmail.com', '$2y$10$cT/YhSDKp1QkotAQrSwGRe77T6ZcUyS5unP8kfEmcMp7o7uqfPwWO', 'الدقهلية, طلخا, الموقف ', 'free', NULL, 'أقوم بتركيب وصيانة الأسلاك الكهربائية والأجهزة الكهربائية', 'craftsman/OEQV3HDITqApT6Zh.jfif', 8, NULL, NULL, '2024-06-27 22:48:16', '2024-06-27 23:22:26'),
(10, 'حسن', 'hasan@gmail.com', '$2y$10$UHR.ZY2.sHen6..BgYdlAOkwwVMhOARTWQN/u6Kscol/TBVXlg9W.', 'الدقهلية, المنصورة, شارع الترعة', 'free', NULL, 'أقوم بتركيب وصيانة الأسلاك الكهربائية والأجهزة الكهربائية', 'craftsman/7nUKy7xRagpEyCkR.jfif', 8, NULL, NULL, '2024-06-27 22:48:35', '2024-06-27 23:22:38'),
(11, 'حسين', 'hosain@gmail.com', '$2y$10$69InLiiWYXMiZtNT9NdY7.SR.pcD78vJBybtNQjlEuIlNDFxWXpPa', 'الدقهلية, طلخا, الموقف ', 'free', NULL, 'أنا الفني في مجال الإلكترونيات، أقوم بإصلاح وصيانة الأجهزة الإلكترونية', 'craftsman/DQ4hWCZCieg4OQtF.jfif', 9, NULL, NULL, '2024-06-27 22:50:04', '2024-06-27 23:22:51'),
(12, 'طارق', 'tarek@gmail.com', '$2y$10$bdmPkz8PfytDu8ge7ZNN4.tZ1st2aJyrgWOX3wB7Zow6n6vdRDVDO', 'الدقهلية, المنصورة, شارع الترعة', 'free', NULL, 'أنا الفني في مجال الإلكترونيات، أقوم بإصلاح وصيانة الأجهزة الإلكترونية', 'craftsman/n2ZVkeaSCU4pOPWU.jfif', 9, NULL, NULL, '2024-06-27 22:50:25', '2024-06-27 23:23:02'),
(13, 'مصطفى', 'mostafa@gmail.com', '$2y$10$K6XK/WEXVrRyOllPrHXwPOWsDbqFwk038mU1jMNH85g2i077ySh/e', 'الدقهلية, طلخا, الموقف ', 'free', NULL, 'أعمل على إصلاح وصيانة المركبات والمعدات الميكانيكية', 'craftsman/XykjHL7Gp90vvcBv.jfif', 10, NULL, NULL, '2024-06-27 22:50:52', '2024-06-27 23:23:12'),
(14, 'عبد الرحمن', 'abdalrahman@gmail.com', '$2y$10$SK84O4BvZt4BiqP6SDF9zOqtvkGRoZhko2jXXm7ZDqU3zdNUq9UnO', 'الدقهلية, المنصورة, شارع الترعة', 'free', NULL, 'أعمل على إصلاح وصيانة المركبات والمعدات الميكانيكية', 'craftsman/UfPVmO8Z5SRgpSno.jfif', 10, NULL, NULL, '2024-06-27 22:51:25', '2024-06-27 23:23:22'),
(15, 'سامي', 'sami@gmail.com', '$2y$10$sQEg5BuEpd5tvE6u3rLkKecUsIt9k/A8/99vWacPEqrthP6sPB/d6', 'الدقهلية, طلخا, الموقف ', 'free', NULL, 'متخصص في عمل الديكورات والتشطيبات الزخرفية، سواء على الجدران الداخلية أو الخارجية، بالإضافة إلى الأسقف', 'craftsman/yuUzPlHOmadLhIuW.jfif', 11, NULL, NULL, '2024-06-27 22:51:40', '2024-06-27 23:23:31'),
(16, 'رامي', 'rami@gmail.com', '$2y$10$6uQffmK0qjv/kKLV8QvwYuC4cIc55sWWL9ZfsxSJMI2nkKZJgr/Wm', 'الدقهلية, المنصورة, شارع الترعة', 'busy', NULL, 'متخصص في عمل الديكورات والتشطيبات الزخرفية، سواء على الجدران الداخلية أو الخارجية، بالإضافة إلى الأسقف', 'craftsman/Cab60JkALe4WwT0X.jfif', 14, NULL, NULL, '2024-06-27 22:51:57', '2024-06-28 18:26:28'),
(17, 'محمود', 'mahmoud@gmail.com', '$2y$10$cv8oyJxZRttCFRxfg50AF..q8spsqFg/GWkofZo9A/oM5LzlceCNS', 'الدقهلية, طلخا, الموقف ', 'busy', NULL, 'أقوم بتشكيل الخشب وبناء الأثاث والهياكل الخشبية', 'craftsman/COcOeFoyumv1IMcZ.jfif', 14, NULL, NULL, '2024-06-27 22:52:14', '2024-06-28 17:55:30'),
(18, 'ناصر', 'nasir@gmail.com', '$2y$10$TfIiBm6EeDLzhyTQz3DryeFgikITUoFHHhvjzNbYLbyw0kIbVHb.i', 'الدقهلية, المنصورة, شارع الترعة', 'busy', NULL, 'أقوم بتشكيل الخشب وبناء الأثاث والهياكل الخشبية', 'craftsman/LpkTkR4wrquoBKEE.jfif', 14, NULL, NULL, '2024-06-27 22:52:31', '2024-06-28 18:23:30'),
(19, 'omar mazen', 'omar.mazen250@gmail.com', NULL, 'الدقهلية, طلخا, الموقف ', 'free', NULL, NULL, NULL, NULL, '110085592337263116951', 'google', '2024-06-28 10:43:25', '2024-06-28 10:43:25');

-- --------------------------------------------------------

--
-- Table structure for table `favoritelists`
--

CREATE TABLE `favoritelists` (
  `id` bigint(20) UNSIGNED NOT NULL,
  `title` varchar(255) COLLATE utf8mb4_unicode_ci NOT NULL,
  `description` varchar(1000) COLLATE utf8mb4_unicode_ci NOT NULL,
  `client_id` bigint(20) UNSIGNED NOT NULL,
  `created_at` timestamp NULL DEFAULT NULL,
  `updated_at` timestamp NULL DEFAULT NULL
) ENGINE=InnoDB DEFAULT CHARSET=utf8mb4 COLLATE=utf8mb4_unicode_ci;

--
-- Dumping data for table `favoritelists`
--

INSERT INTO `favoritelists` (`id`, `title`, `description`, `client_id`, `created_at`, `updated_at`) VALUES
(29, 'امهر الحرفيين', 'قائمة تضم امهر الحرفيين من مختلف المجالات .', 20, '2024-06-28 21:50:15', '2024-06-28 21:50:15');

-- --------------------------------------------------------

--
-- Table structure for table `favorites`
--

CREATE TABLE `favorites` (
  `id` bigint(20) UNSIGNED NOT NULL,
  `craftsman_id` bigint(20) UNSIGNED NOT NULL,
  `client_id` bigint(20) UNSIGNED NOT NULL,
  `craft` varchar(255) COLLATE utf8mb4_unicode_ci NOT NULL,
  `list_id` bigint(20) UNSIGNED NOT NULL,
  `created_at` timestamp NULL DEFAULT NULL,
  `updated_at` timestamp NULL DEFAULT NULL
) ENGINE=InnoDB DEFAULT CHARSET=utf8mb4 COLLATE=utf8mb4_unicode_ci;

--
-- Dumping data for table `favorites`
--

INSERT INTO `favorites` (`id`, `craftsman_id`, `client_id`, `craft`, `list_id`, `created_at`, `updated_at`) VALUES
(20, 17, 20, 'نجار', 29, '2024-06-28 21:50:21', '2024-06-28 21:50:21');

-- --------------------------------------------------------

--
-- Table structure for table `jobs_offers`
--

CREATE TABLE `jobs_offers` (
  `id` bigint(20) UNSIGNED NOT NULL,
  `title` varchar(255) COLLATE utf8mb4_unicode_ci NOT NULL,
  `description` text COLLATE utf8mb4_unicode_ci NOT NULL,
  `client_price` decimal(8,2) DEFAULT NULL,
  `address` varchar(255) COLLATE utf8mb4_unicode_ci DEFAULT NULL,
  `phone` varchar(255) COLLATE utf8mb4_unicode_ci DEFAULT NULL,
  `city` varchar(255) COLLATE utf8mb4_unicode_ci NOT NULL,
  `start_date` datetime NOT NULL,
  `end_date` datetime DEFAULT NULL,
  `client_id` bigint(20) UNSIGNED NOT NULL,
  `craft_id` bigint(20) UNSIGNED NOT NULL,
  `created_at` timestamp NULL DEFAULT NULL,
  `updated_at` timestamp NULL DEFAULT NULL
) ENGINE=InnoDB DEFAULT CHARSET=utf8mb4 COLLATE=utf8mb4_unicode_ci;

--
-- Dumping data for table `jobs_offers`
--

INSERT INTO `jobs_offers` (`id`, `title`, `description`, `client_price`, `address`, `phone`, `city`, `start_date`, `end_date`, `client_id`, `craft_id`, `created_at`, `updated_at`) VALUES
(82, 'تصميم وتنفيذ منصة خشبية للحديقة', 'أبحث عن نجار ماهر لتصميم وتنفيذ منصة خشبية مميزة لحديقتي. المنصة يجب أن تكون مريحة وعملية، مثالية للاسترخاء والتسلية في الهواء الطلق. يشتمل المشروع على تصميم المنصة بشكل يتناسب مع مساحة الحديقة واحتياجاتي، وتنفيذها بشكل متقن باستخدام مواد ذات جودة عالية. يفضل أن يكون النجار لديه خبرة في تصميم وتنفيذ المنصات الخشبية للحدائق.', 1000.00, 'الدقهلية, طلخا', '01065242790', 'طلخا', '2024-06-28 00:00:00', '2024-07-28 00:00:00', 1, 14, '2024-06-28 19:05:01', '2024-06-28 19:05:01'),
(83, 'تصميم وتنفيذ رفوف خشبية', 'أبحث عن نجار ماهر لتصميم وتنفيذ رفوف خشبية مخصصة لمكتبتي الشخصية. الرفوف يجب أن تكون عملية وجمالية، وتتناسب مع ديكور المكتبة واحتياجاتي التخزينية. يتضمن المشروع تصميم الرفوف بشكل يلبي احتياجاتي وتنفيذها بشكل متقن وباستخدام مواد عالية الجودة. يفضل أن يكون النجار لديه خبرة في تصميم وتنفيذ الرفوف الخشبية المخصصة.', 1000.00, 'الدقهلية, المنصورة', '01065242711', 'المنصورة', '2024-06-28 00:00:00', '2024-07-28 00:00:00', 2, 14, '2024-06-28 19:06:30', '2024-06-28 19:06:30'),
(84, 'إصلاح باب خشبي', 'أبحث عن نجار ماهر لإصلاح باب خشبي في منزلي. الباب به مشاكل في المفصلات وربما يحتاج إلى تغييرها، بالإضافة إلى بعض الإصلاحات الأخرى التي قد تكون ضرورية. يجب أن يكون النجار خبيرًا في إصلاح الأبواب الخشبية ويمتلك الأدوات اللازمة للقيام بالعمل بشكل جيد.', 1000.00, 'الدقهلية, طلخا', '01065242712', 'طلخا', '2024-06-28 00:00:00', '2024-07-28 00:00:00', 3, 14, '2024-06-28 19:07:38', '2024-06-28 19:07:38'),
(85, 'تصميم وتركيب سور خشبي للحديقة', 'أبحث عن نجار ماهر لتصميم وتركيب سور خشبي مميز لحديقتي. السور يجب أن يكون عمليًا وجماليًا، ويتناسب مع بيئة الحديقة. يشتمل المشروع على تصميم السور واختيار الخامات المناسبة وتركيبها بشكل متقن. يفضل أن يكون النجار لديه خبرة في تصميم وتركيب السور الخشبي.', 1000.00, 'الدقهلية, المنصورة', '01065242713', 'المنصورة', '2024-06-28 00:00:00', '2024-07-28 00:00:00', 4, 14, '2024-06-28 19:08:30', '2024-06-28 19:08:30'),
(86, 'تركيب باب خشبي جديد', 'نبحث عن نجار ماهر لتركيب باب خشبي جديد في مدخل المنزل. المهمة تشمل:\nقياس وتصميم الباب ليتناسب بشكل مثالي مع إطار المدخل.\nتركيب المفصلات والقفل بشكل دقيق لضمان الأمان والكفاءة.\nدهان الباب بطبقة واقية لإطالة عمره والحفاظ على مظهره الجمالي.', 1000.00, 'الدقهلية, طلخا', '01065242714', 'طلخا', '2024-06-28 00:00:00', '2024-07-28 00:00:00', 5, 14, '2024-06-28 19:09:36', '2024-06-28 19:09:36'),
(87, 'مطلوب نجار لتجديد دولاب قديم', 'نبحث عن نجار محترف لإعادة تجديد أثاث قديم مصنوع من خشب الزان. المهمة تشمل:\nاستبدال المفصلات القديمة بمفصلات جديدة.\nإعادة دهان الأثاث بلون جديد لإعطائه مظهراً حديثاً .\nيجب على المتقدمين أن يكونوا ذوي خبرة في التعامل مع الأثاث الكلاسيكي ويمتلكون مهارات دقيقة في النجارة والدهان.', 1000.00, 'الدقهلية, المنصورة', '01065242715', 'المنصورة', '2024-06-28 00:00:00', '2024-07-28 00:00:00', 6, 14, '2024-06-28 19:10:55', '2024-06-28 19:10:55'),
(90, 'إصلاح تسريب في خزان', 'نبحث عن سباك محترف لإصلاح تسريب في خزان المياه في منزلي. المهام تشمل:\r\nتحديد مكان وحجم التسريب.إصلاح أو استبدال الأجزاء المتضررة من الخزان.\r\nالتأكد من عدم وجود تسريبات أخرى وضمان عمل الخزان بكفاءة.', NULL, NULL, NULL, 'المنصورة', '2024-06-29 00:00:00', NULL, 20, 2, '2024-06-28 19:17:24', '2024-06-28 19:17:24'),
(93, 'اصلاح نظام الصرف', 'أبحث عن سباك ماهر لإصلاح نظام الصرف الصحي في منزلي. المهام تشمل:\r\n\r\nتشخيص المشكلة في الصرف.\r\nتنظيف الأنابيب أو استبدال الأجزاء المتضررة.\r\nالتأكد من عمل نظام الصرف بكفاءة ومنع أي انسدادات مستقبلية', NULL, NULL, NULL, 'المنصورة', '2024-06-30 00:00:00', NULL, 20, 2, '2024-06-28 19:54:33', '2024-06-28 19:54:33'),
(97, 'تركيب نظام تنقية المياه', 'أبحث عن سباك ماهر لتركيب نظام تنقية المياه في منزلي. المهام تشمل:\r\n\r\nاختيار النوع المناسب من نظام التنقية.\r\nتركيب النظام وضبط التوصيلات بشكل صحيح.\r\nالتأكد من عمل النظام بكفاءة وتوفير مياه نقية.', NULL, '[object Object]', '01095424911', 'المنصورة', '2024-07-01 00:00:00', '2024-07-05 00:00:00', 20, 2, '2024-06-28 20:46:20', '2024-06-28 20:46:20'),
(98, 'حخحهخهحخههخهه', 'ههههههههههههههههههههههههههههههههههههههههههههههههههههههههههههههههههههههههههههههههههههههههههههههههههههههههههههههه', NULL, '[object Object]', '01095424911', '15 مايو', '2024-06-29 00:00:00', '2024-07-02 00:00:00', 20, 2, '2024-06-29 04:59:16', '2024-06-29 04:59:16');

-- --------------------------------------------------------

--
-- Table structure for table `jobs_offer_images`
--

CREATE TABLE `jobs_offer_images` (
  `id` bigint(20) UNSIGNED NOT NULL,
  `image` varchar(255) COLLATE utf8mb4_unicode_ci DEFAULT NULL,
  `job_offer_id` bigint(20) UNSIGNED NOT NULL,
  `created_at` timestamp NULL DEFAULT NULL,
  `updated_at` timestamp NULL DEFAULT NULL
) ENGINE=InnoDB DEFAULT CHARSET=utf8mb4 COLLATE=utf8mb4_unicode_ci;

--
-- Dumping data for table `jobs_offer_images`
--

INSERT INTO `jobs_offer_images` (`id`, `image`, `job_offer_id`, `created_at`, `updated_at`) VALUES
(76, 'jobs_offers/L8AB6IPJVGzbtLYN.jpg', 82, '2024-06-28 19:05:01', '2024-06-28 19:05:01'),
(77, 'jobs_offers/fSftiqeBT5v7bX6P.jpg', 83, '2024-06-28 19:06:30', '2024-06-28 19:06:30'),
(78, 'jobs_offers/b6BHTIoX7GaN85w3.jpg', 83, '2024-06-28 19:06:30', '2024-06-28 19:06:30'),
(79, 'jobs_offers/tUI87msJMJwMN98m.jpg', 84, '2024-06-28 19:07:38', '2024-06-28 19:07:38'),
(80, 'jobs_offers/I48d1qJJtxzsNhZb.jpeg', 85, '2024-06-28 19:08:30', '2024-06-28 19:08:30'),
(81, 'jobs_offers/hPTEw8Qcz6OGA5qF.jpg', 85, '2024-06-28 19:08:30', '2024-06-28 19:08:30'),
(82, 'jobs_offers/1PmrrY1t424plP9e.jpg', 86, '2024-06-28 19:09:36', '2024-06-28 19:09:36'),
(83, 'jobs_offers/zHJsHUhie3OsfKbz.jpg', 87, '2024-06-28 19:10:55', '2024-06-28 19:10:55'),
(84, 'jobs_offers/FmAoHDXjKn0kIP6U.jpg', 87, '2024-06-28 19:10:55', '2024-06-28 19:10:55'),
(88, 'jobs_offers/gGidHnJqjX2kdcch.jpeg', 93, '2024-06-28 19:54:33', '2024-06-28 19:54:33'),
(92, 'jobs_offers/0lqgdsce4587Yffi.jpeg', 97, '2024-06-28 20:46:20', '2024-06-28 20:46:20');

-- --------------------------------------------------------

--
-- Table structure for table `jobs_offer_replies`
--

CREATE TABLE `jobs_offer_replies` (
  `id` bigint(20) UNSIGNED NOT NULL,
  `offered_price` decimal(8,2) NOT NULL,
  `description` text COLLATE utf8mb4_unicode_ci DEFAULT NULL,
  `type_of_pricing` varchar(255) COLLATE utf8mb4_unicode_ci NOT NULL,
  `job_offer_id` bigint(20) UNSIGNED NOT NULL,
  `craftsman_id` bigint(20) UNSIGNED NOT NULL,
  `created_at` timestamp NULL DEFAULT NULL,
  `updated_at` timestamp NULL DEFAULT NULL
) ENGINE=InnoDB DEFAULT CHARSET=utf8mb4 COLLATE=utf8mb4_unicode_ci;

--
-- Dumping data for table `jobs_offer_replies`
--

INSERT INTO `jobs_offer_replies` (`id`, `offered_price`, `description`, `type_of_pricing`, `job_offer_id`, `craftsman_id`, `created_at`, `updated_at`) VALUES
(72, 500.00, 'يسعدني أن أؤكد لكم أنني قادر على تنفيذ المهمة المطلوبة بكفاءة عالية وإتقان تام. سألتزم بجميع المواعيد المحددة، وأضمن استخدام أفضل الخامات لتحقيق أفضل النتائج. لدي خبرة واسعة في التعامل مع الأثاث الكلاسيكي، وأمتلك المهارات الدقيقة في النجارة والدهان اللازمة لتجديد الأثاث المصنوع من خشب الزان.', 'متر طولي', 87, 17, '2024-06-28 22:12:39', '2024-06-28 22:12:39'),
(73, 500.00, 'أشكركم على اهتمامكم بخدماتي. يسعدني أن أؤكد لكم أنني قادر على تنفيذ المهمة المطلوبة بكفاءة عالية وإتقان تام. سألتزم بجميع المواعيد المحددة، وأضمن استخدام أفضل الخامات لتحقيق أفضل النتائج. لدي خبرة واسعة في تركيب الأبواب الخشبية وأمتلك المهارات الدقيقة لتحقيق نتائج مرضية.', 'متر طولي', 86, 17, '2024-06-28 22:14:26', '2024-06-28 22:14:26'),
(74, 200.00, 'kkkkkkkkkkkkkkkkkkkkkkkkkkkkkkkkkkk', 'متر مربع', 84, 17, '2024-06-29 05:03:55', '2024-06-29 05:03:55');

-- --------------------------------------------------------

--
-- Table structure for table `password_resets`
--

CREATE TABLE `password_resets` (
  `id` bigint(20) UNSIGNED NOT NULL,
  `email` varchar(255) COLLATE utf8mb4_unicode_ci NOT NULL,
  `token` varchar(255) COLLATE utf8mb4_unicode_ci NOT NULL,
  `created_at` timestamp NULL DEFAULT NULL,
  `updated_at` timestamp NULL DEFAULT NULL
) ENGINE=InnoDB DEFAULT CHARSET=utf8mb4 COLLATE=utf8mb4_unicode_ci;

-- --------------------------------------------------------

--
-- Table structure for table `phones`
--

CREATE TABLE `phones` (
  `id` bigint(20) UNSIGNED NOT NULL,
  `phone` varchar(255) COLLATE utf8mb4_unicode_ci NOT NULL,
  `type` enum('contact','whatsapp') COLLATE utf8mb4_unicode_ci NOT NULL,
  `craftsman_id` bigint(20) UNSIGNED NOT NULL,
  `created_at` timestamp NULL DEFAULT NULL,
  `updated_at` timestamp NULL DEFAULT NULL
) ENGINE=InnoDB DEFAULT CHARSET=utf8mb4 COLLATE=utf8mb4_unicode_ci;

--
-- Dumping data for table `phones`
--

INSERT INTO `phones` (`id`, `phone`, `type`, `craftsman_id`, `created_at`, `updated_at`) VALUES
(1, '01065242790', 'contact', 1, '2024-06-28 11:47:57', '2024-06-28 11:47:57'),
(2, '01065242791', 'whatsapp', 1, '2024-06-28 11:47:57', '2024-06-28 11:47:57'),
(3, '01065242792', 'contact', 2, '2024-06-28 11:47:57', '2024-06-28 11:47:57'),
(4, '01065242793', 'whatsapp', 2, '2024-06-28 11:47:57', '2024-06-28 11:47:57'),
(5, '01065242794', 'contact', 3, '2024-06-28 11:47:57', '2024-06-28 11:47:57'),
(6, '01065242795', 'whatsapp', 3, '2024-06-28 11:47:57', '2024-06-28 11:47:57'),
(7, '01065242796', 'contact', 4, '2024-06-28 11:47:57', '2024-06-28 11:47:57'),
(8, '01065242797', 'whatsapp', 4, '2024-06-28 11:47:57', '2024-06-28 11:47:57'),
(9, '01065242798', 'contact', 5, '2024-06-28 11:47:57', '2024-06-28 11:47:57'),
(10, '01065242799', 'whatsapp', 5, '2024-06-28 11:47:57', '2024-06-28 11:47:57'),
(11, '01065242100', 'contact', 6, '2024-06-28 11:47:57', '2024-06-28 11:47:57'),
(12, '01065242101', 'whatsapp', 6, '2024-06-28 11:47:57', '2024-06-28 11:47:57'),
(13, '01065242102', 'contact', 7, '2024-06-28 11:47:57', '2024-06-28 11:47:57'),
(14, '01065242103', 'whatsapp', 7, '2024-06-28 11:47:57', '2024-06-28 11:47:57'),
(15, '01065242104', 'contact', 8, '2024-06-28 11:47:57', '2024-06-28 11:47:57'),
(16, '01065242105', 'whatsapp', 8, '2024-06-28 11:47:57', '2024-06-28 11:47:57'),
(17, '01065242106', 'contact', 9, '2024-06-28 11:47:57', '2024-06-28 11:47:57'),
(18, '01065242107', 'whatsapp', 9, '2024-06-28 11:47:57', '2024-06-28 11:47:57'),
(19, '01065242108', 'contact', 10, '2024-06-28 08:56:21', '2024-06-28 08:56:21'),
(20, '01065242109', 'whatsapp', 10, '2024-06-28 08:56:21', '2024-06-28 08:56:21'),
(21, '01065242110', 'contact', 11, '2024-06-28 08:56:48', '2024-06-28 08:56:48'),
(22, '01065242111', 'whatsapp', 11, '2024-06-28 08:56:48', '2024-06-28 08:56:48'),
(23, '01065242112', 'contact', 12, '2024-06-28 08:57:05', '2024-06-28 08:57:05'),
(24, '01065242113', 'whatsapp', 12, '2024-06-28 08:57:05', '2024-06-28 08:57:05'),
(25, '01065242114', 'contact', 13, '2024-06-28 08:57:23', '2024-06-28 08:57:23'),
(26, '01065242115', 'whatsapp', 13, '2024-06-28 08:57:23', '2024-06-28 08:57:23'),
(27, '01065242116', 'contact', 14, '2024-06-28 08:57:32', '2024-06-28 08:57:32'),
(28, '01065242117', 'whatsapp', 14, '2024-06-28 08:57:32', '2024-06-28 08:57:32'),
(29, '01065242118', 'contact', 15, '2024-06-28 08:57:40', '2024-06-28 08:57:40'),
(30, '01065242119', 'whatsapp', 15, '2024-06-28 08:57:40', '2024-06-28 08:57:40'),
(31, '01065242120', 'contact', 16, '2024-06-28 08:58:07', '2024-06-28 08:58:07'),
(32, '01065242121', 'whatsapp', 16, '2024-06-28 08:58:07', '2024-06-28 08:58:07'),
(33, '01065242122', 'contact', 17, '2024-06-28 08:58:19', '2024-06-28 08:58:19'),
(34, '01065242123', 'whatsapp', 17, '2024-06-28 08:58:19', '2024-06-28 08:58:19'),
(35, '01065242124', 'contact', 18, '2024-06-28 08:58:30', '2024-06-28 08:58:30'),
(36, '01065242125', 'whatsapp', 18, '2024-06-28 08:58:30', '2024-06-28 08:58:30');

-- --------------------------------------------------------

--
-- Table structure for table `search_images`
--

CREATE TABLE `search_images` (
  `id` bigint(20) UNSIGNED NOT NULL,
  `image` varchar(255) COLLATE utf8mb4_unicode_ci NOT NULL,
  `craftsman_id` bigint(20) UNSIGNED NOT NULL,
  `created_at` timestamp NULL DEFAULT NULL,
  `updated_at` timestamp NULL DEFAULT NULL
) ENGINE=InnoDB DEFAULT CHARSET=utf8mb4 COLLATE=utf8mb4_unicode_ci;

--
-- Dumping data for table `search_images`
--

INSERT INTO `search_images` (`id`, `image`, `craftsman_id`, `created_at`, `updated_at`) VALUES
(1, 'search_images/HRBnprIkQLKwQKgb.jpeg', 2, '2024-06-28 19:02:05', '2024-06-28 19:02:05'),
(2, 'search_images/n0CzRGX39ixx774i.jpeg', 2, '2024-06-28 19:02:42', '2024-06-28 19:02:42'),
(3, 'search_images/sd0toJWrWkGp47f8.jpg', 17, '2024-06-28 22:19:25', '2024-06-28 22:19:25'),
(4, 'search_images/YcrhcyHw7r5843TK.jpg', 17, '2024-06-28 22:19:25', '2024-06-28 22:19:25');

--
-- Indexes for dumped tables
--

--
-- Indexes for table `cities`
--
ALTER TABLE `cities`
  ADD PRIMARY KEY (`id`),
  ADD KEY `cities_craftsman_id_foreign` (`craftsman_id`);

--
-- Indexes for table `clients`
--
ALTER TABLE `clients`
  ADD PRIMARY KEY (`id`),
  ADD UNIQUE KEY `clients_email_unique` (`email`);

--
-- Indexes for table `clients_ratings`
--
ALTER TABLE `clients_ratings`
  ADD PRIMARY KEY (`id`),
  ADD KEY `clients_ratings_craftsman_id_foreign` (`craftsman_id`),
  ADD KEY `clients_ratings_client_id_foreign` (`client_id`),
  ADD KEY `clients_ratings_done_job_id_foreign` (`done_job_id`);

--
-- Indexes for table `client_notifications`
--
ALTER TABLE `client_notifications`
  ADD PRIMARY KEY (`id`),
  ADD KEY `client_notifications_client_id_foreign` (`client_id`);

--
-- Indexes for table `crafts`
--
ALTER TABLE `crafts`
  ADD PRIMARY KEY (`id`),
  ADD UNIQUE KEY `crafts_name_unique` (`name`);

--
-- Indexes for table `craftsman_done_jobs`
--
ALTER TABLE `craftsman_done_jobs`
  ADD PRIMARY KEY (`id`),
  ADD KEY `craftsman_done_jobs_craftsman_id_foreign` (`craftsman_id`),
  ADD KEY `craftsman_done_jobs_client_id_foreign` (`client_id`);

--
-- Indexes for table `craftsman_done_jobs_images`
--
ALTER TABLE `craftsman_done_jobs_images`
  ADD PRIMARY KEY (`id`),
  ADD KEY `craftsman_done_jobs_images_craftsmandonejob_id_foreign` (`craftsmanDoneJob_id`);

--
-- Indexes for table `craftsman_done_jobs_ratings`
--
ALTER TABLE `craftsman_done_jobs_ratings`
  ADD PRIMARY KEY (`id`),
  ADD KEY `done_jobs_ratings_craftsmandonejob_id_foreign` (`craftsmanDoneJob_id`),
  ADD KEY `done_jobs_ratings_client_id_foreign` (`client_id`);

--
-- Indexes for table `craftsman_jobs`
--
ALTER TABLE `craftsman_jobs`
  ADD PRIMARY KEY (`id`),
  ADD KEY `craftsman_jobs_craftsman_id_foreign` (`craftsman_id`),
  ADD KEY `craftsman_jobs_client_id_foreign` (`client_id`);

--
-- Indexes for table `craftsman_jobs_finished`
--
ALTER TABLE `craftsman_jobs_finished`
  ADD PRIMARY KEY (`id`),
  ADD KEY `craftsman_jobs_finished_active_job_id_foreign` (`active_job_id`),
  ADD KEY `craftsman_jobs_finished_craftsman_id_foreign` (`craftsman_id`),
  ADD KEY `craftsman_jobs_finished_client_id_foreign` (`client_id`);

--
-- Indexes for table `craftsman_jobs_images`
--
ALTER TABLE `craftsman_jobs_images`
  ADD PRIMARY KEY (`id`),
  ADD KEY `craftsman_jobs_images_job_id_foreign` (`job_id`);

--
-- Indexes for table `craftsman_notifications`
--
ALTER TABLE `craftsman_notifications`
  ADD PRIMARY KEY (`id`),
  ADD KEY `craftsman_notifications_craftsman_id_foreign` (`craftsman_id`);

--
-- Indexes for table `craftsmen`
--
ALTER TABLE `craftsmen`
  ADD PRIMARY KEY (`id`),
  ADD UNIQUE KEY `craftsmen_email_unique` (`email`),
  ADD KEY `craftsmen_craft_id_foreign` (`craft_id`);

--
-- Indexes for table `favoritelists`
--
ALTER TABLE `favoritelists`
  ADD PRIMARY KEY (`id`),
  ADD KEY `favoritelists_client_id_foreign` (`client_id`);

--
-- Indexes for table `favorites`
--
ALTER TABLE `favorites`
  ADD PRIMARY KEY (`id`),
  ADD KEY `favorites_craftsman_id_foreign` (`craftsman_id`),
  ADD KEY `favorites_client_id_foreign` (`client_id`),
  ADD KEY `favorites_list_id_foreign` (`list_id`);

--
-- Indexes for table `jobs_offers`
--
ALTER TABLE `jobs_offers`
  ADD PRIMARY KEY (`id`),
  ADD KEY `jobs_offers_client_id_foreign` (`client_id`),
  ADD KEY `jobs_offers_craft_id_foreign` (`craft_id`);

--
-- Indexes for table `jobs_offer_images`
--
ALTER TABLE `jobs_offer_images`
  ADD PRIMARY KEY (`id`),
  ADD KEY `jobs_offer_images_job_offer_id_foreign` (`job_offer_id`);

--
-- Indexes for table `jobs_offer_replies`
--
ALTER TABLE `jobs_offer_replies`
  ADD PRIMARY KEY (`id`),
  ADD KEY `jobs_offer_replies_job_offer_id_foreign` (`job_offer_id`),
  ADD KEY `jobs_offer_replies_craftsman_id_foreign` (`craftsman_id`);

--
-- Indexes for table `password_resets`
--
ALTER TABLE `password_resets`
  ADD PRIMARY KEY (`id`),
  ADD UNIQUE KEY `password_resets_email_unique` (`email`);

--
-- Indexes for table `phones`
--
ALTER TABLE `phones`
  ADD PRIMARY KEY (`id`),
  ADD KEY `phones_craftsman_id_foreign` (`craftsman_id`);

--
-- Indexes for table `search_images`
--
ALTER TABLE `search_images`
  ADD PRIMARY KEY (`id`),
  ADD KEY `search_images_craftsman_id_foreign` (`craftsman_id`);

--
-- AUTO_INCREMENT for dumped tables
--

--
-- AUTO_INCREMENT for table `cities`
--
ALTER TABLE `cities`
  MODIFY `id` bigint(20) UNSIGNED NOT NULL AUTO_INCREMENT, AUTO_INCREMENT=155;

--
-- AUTO_INCREMENT for table `clients`
--
ALTER TABLE `clients`
  MODIFY `id` bigint(20) UNSIGNED NOT NULL AUTO_INCREMENT, AUTO_INCREMENT=21;

--
-- AUTO_INCREMENT for table `clients_ratings`
--
ALTER TABLE `clients_ratings`
  MODIFY `id` bigint(20) UNSIGNED NOT NULL AUTO_INCREMENT, AUTO_INCREMENT=14;

--
-- AUTO_INCREMENT for table `client_notifications`
--
ALTER TABLE `client_notifications`
  MODIFY `id` bigint(20) UNSIGNED NOT NULL AUTO_INCREMENT, AUTO_INCREMENT=14;

--
-- AUTO_INCREMENT for table `crafts`
--
ALTER TABLE `crafts`
  MODIFY `id` bigint(20) UNSIGNED NOT NULL AUTO_INCREMENT, AUTO_INCREMENT=15;

--
-- AUTO_INCREMENT for table `craftsman_done_jobs`
--
ALTER TABLE `craftsman_done_jobs`
  MODIFY `id` bigint(20) UNSIGNED NOT NULL AUTO_INCREMENT, AUTO_INCREMENT=24;

--
-- AUTO_INCREMENT for table `craftsman_done_jobs_images`
--
ALTER TABLE `craftsman_done_jobs_images`
  MODIFY `id` bigint(20) UNSIGNED NOT NULL AUTO_INCREMENT, AUTO_INCREMENT=47;

--
-- AUTO_INCREMENT for table `craftsman_done_jobs_ratings`
--
ALTER TABLE `craftsman_done_jobs_ratings`
  MODIFY `id` bigint(20) UNSIGNED NOT NULL AUTO_INCREMENT, AUTO_INCREMENT=13;

--
-- AUTO_INCREMENT for table `craftsman_jobs`
--
ALTER TABLE `craftsman_jobs`
  MODIFY `id` bigint(20) UNSIGNED NOT NULL AUTO_INCREMENT, AUTO_INCREMENT=30;

--
-- AUTO_INCREMENT for table `craftsman_jobs_finished`
--
ALTER TABLE `craftsman_jobs_finished`
  MODIFY `id` bigint(20) UNSIGNED NOT NULL AUTO_INCREMENT, AUTO_INCREMENT=34;

--
-- AUTO_INCREMENT for table `craftsman_jobs_images`
--
ALTER TABLE `craftsman_jobs_images`
  MODIFY `id` bigint(20) UNSIGNED NOT NULL AUTO_INCREMENT, AUTO_INCREMENT=40;

--
-- AUTO_INCREMENT for table `craftsman_notifications`
--
ALTER TABLE `craftsman_notifications`
  MODIFY `id` bigint(20) UNSIGNED NOT NULL AUTO_INCREMENT, AUTO_INCREMENT=46;

--
-- AUTO_INCREMENT for table `craftsmen`
--
ALTER TABLE `craftsmen`
  MODIFY `id` bigint(20) UNSIGNED NOT NULL AUTO_INCREMENT, AUTO_INCREMENT=20;

--
-- AUTO_INCREMENT for table `favoritelists`
--
ALTER TABLE `favoritelists`
  MODIFY `id` bigint(20) UNSIGNED NOT NULL AUTO_INCREMENT, AUTO_INCREMENT=30;

--
-- AUTO_INCREMENT for table `favorites`
--
ALTER TABLE `favorites`
  MODIFY `id` bigint(20) UNSIGNED NOT NULL AUTO_INCREMENT, AUTO_INCREMENT=21;

--
-- AUTO_INCREMENT for table `jobs_offers`
--
ALTER TABLE `jobs_offers`
  MODIFY `id` bigint(20) UNSIGNED NOT NULL AUTO_INCREMENT, AUTO_INCREMENT=99;

--
-- AUTO_INCREMENT for table `jobs_offer_images`
--
ALTER TABLE `jobs_offer_images`
  MODIFY `id` bigint(20) UNSIGNED NOT NULL AUTO_INCREMENT, AUTO_INCREMENT=93;

--
-- AUTO_INCREMENT for table `jobs_offer_replies`
--
ALTER TABLE `jobs_offer_replies`
  MODIFY `id` bigint(20) UNSIGNED NOT NULL AUTO_INCREMENT, AUTO_INCREMENT=75;

--
-- AUTO_INCREMENT for table `password_resets`
--
ALTER TABLE `password_resets`
  MODIFY `id` bigint(20) UNSIGNED NOT NULL AUTO_INCREMENT, AUTO_INCREMENT=21;

--
-- AUTO_INCREMENT for table `phones`
--
ALTER TABLE `phones`
  MODIFY `id` bigint(20) UNSIGNED NOT NULL AUTO_INCREMENT, AUTO_INCREMENT=37;

--
-- AUTO_INCREMENT for table `search_images`
--
ALTER TABLE `search_images`
  MODIFY `id` bigint(20) UNSIGNED NOT NULL AUTO_INCREMENT, AUTO_INCREMENT=5;

--
-- Constraints for dumped tables
--

--
-- Constraints for table `cities`
--
ALTER TABLE `cities`
  ADD CONSTRAINT `cities_craftsman_id_foreign` FOREIGN KEY (`craftsman_id`) REFERENCES `craftsmen` (`id`) ON DELETE CASCADE;

--
-- Constraints for table `clients_ratings`
--
ALTER TABLE `clients_ratings`
  ADD CONSTRAINT `clients_ratings_client_id_foreign` FOREIGN KEY (`client_id`) REFERENCES `clients` (`id`) ON DELETE CASCADE,
  ADD CONSTRAINT `clients_ratings_craftsman_id_foreign` FOREIGN KEY (`craftsman_id`) REFERENCES `craftsmen` (`id`) ON DELETE CASCADE,
  ADD CONSTRAINT `clients_ratings_done_job_id_foreign` FOREIGN KEY (`done_job_id`) REFERENCES `craftsman_done_jobs` (`id`) ON DELETE CASCADE;

--
-- Constraints for table `client_notifications`
--
ALTER TABLE `client_notifications`
  ADD CONSTRAINT `client_notifications_client_id_foreign` FOREIGN KEY (`client_id`) REFERENCES `clients` (`id`) ON DELETE CASCADE;

--
-- Constraints for table `craftsman_done_jobs`
--
ALTER TABLE `craftsman_done_jobs`
  ADD CONSTRAINT `craftsman_done_jobs_client_id_foreign` FOREIGN KEY (`client_id`) REFERENCES `clients` (`id`) ON DELETE CASCADE,
  ADD CONSTRAINT `craftsman_done_jobs_craftsman_id_foreign` FOREIGN KEY (`craftsman_id`) REFERENCES `craftsmen` (`id`) ON DELETE CASCADE;

--
-- Constraints for table `craftsman_done_jobs_images`
--
ALTER TABLE `craftsman_done_jobs_images`
  ADD CONSTRAINT `craftsman_done_jobs_images_craftsmandonejob_id_foreign` FOREIGN KEY (`craftsmanDoneJob_id`) REFERENCES `craftsman_done_jobs` (`id`) ON DELETE CASCADE;

--
-- Constraints for table `craftsman_done_jobs_ratings`
--
ALTER TABLE `craftsman_done_jobs_ratings`
  ADD CONSTRAINT `done_jobs_ratings_client_id_foreign` FOREIGN KEY (`client_id`) REFERENCES `clients` (`id`) ON DELETE CASCADE,
  ADD CONSTRAINT `done_jobs_ratings_craftsmandonejob_id_foreign` FOREIGN KEY (`craftsmanDoneJob_id`) REFERENCES `craftsman_done_jobs` (`id`) ON DELETE CASCADE;

--
-- Constraints for table `craftsman_jobs`
--
ALTER TABLE `craftsman_jobs`
  ADD CONSTRAINT `craftsman_jobs_client_id_foreign` FOREIGN KEY (`client_id`) REFERENCES `clients` (`id`) ON DELETE CASCADE,
  ADD CONSTRAINT `craftsman_jobs_craftsman_id_foreign` FOREIGN KEY (`craftsman_id`) REFERENCES `craftsmen` (`id`) ON DELETE CASCADE;

--
-- Constraints for table `craftsman_jobs_finished`
--
ALTER TABLE `craftsman_jobs_finished`
  ADD CONSTRAINT `craftsman_jobs_finished_active_job_id_foreign` FOREIGN KEY (`active_job_id`) REFERENCES `craftsman_jobs` (`id`) ON DELETE CASCADE,
  ADD CONSTRAINT `craftsman_jobs_finished_client_id_foreign` FOREIGN KEY (`client_id`) REFERENCES `clients` (`id`) ON DELETE CASCADE,
  ADD CONSTRAINT `craftsman_jobs_finished_craftsman_id_foreign` FOREIGN KEY (`craftsman_id`) REFERENCES `craftsmen` (`id`) ON DELETE CASCADE;

--
-- Constraints for table `craftsman_jobs_images`
--
ALTER TABLE `craftsman_jobs_images`
  ADD CONSTRAINT `craftsman_jobs_images_job_id_foreign` FOREIGN KEY (`job_id`) REFERENCES `craftsman_jobs` (`id`) ON DELETE CASCADE;

--
-- Constraints for table `craftsman_notifications`
--
ALTER TABLE `craftsman_notifications`
  ADD CONSTRAINT `craftsman_notifications_craftsman_id_foreign` FOREIGN KEY (`craftsman_id`) REFERENCES `craftsmen` (`id`) ON DELETE CASCADE;

--
-- Constraints for table `craftsmen`
--
ALTER TABLE `craftsmen`
  ADD CONSTRAINT `craftsmen_craft_id_foreign` FOREIGN KEY (`craft_id`) REFERENCES `crafts` (`id`) ON DELETE CASCADE;

--
-- Constraints for table `favoritelists`
--
ALTER TABLE `favoritelists`
  ADD CONSTRAINT `favoritelists_client_id_foreign` FOREIGN KEY (`client_id`) REFERENCES `clients` (`id`) ON DELETE CASCADE;

--
-- Constraints for table `favorites`
--
ALTER TABLE `favorites`
  ADD CONSTRAINT `favorites_client_id_foreign` FOREIGN KEY (`client_id`) REFERENCES `clients` (`id`) ON DELETE CASCADE,
  ADD CONSTRAINT `favorites_craftsman_id_foreign` FOREIGN KEY (`craftsman_id`) REFERENCES `craftsmen` (`id`) ON DELETE CASCADE,
  ADD CONSTRAINT `favorites_list_id_foreign` FOREIGN KEY (`list_id`) REFERENCES `favoritelists` (`id`) ON DELETE CASCADE;

--
-- Constraints for table `jobs_offers`
--
ALTER TABLE `jobs_offers`
  ADD CONSTRAINT `jobs_offers_client_id_foreign` FOREIGN KEY (`client_id`) REFERENCES `clients` (`id`) ON DELETE CASCADE,
  ADD CONSTRAINT `jobs_offers_craft_id_foreign` FOREIGN KEY (`craft_id`) REFERENCES `crafts` (`id`) ON DELETE CASCADE;

--
-- Constraints for table `jobs_offer_images`
--
ALTER TABLE `jobs_offer_images`
  ADD CONSTRAINT `jobs_offer_images_job_offer_id_foreign` FOREIGN KEY (`job_offer_id`) REFERENCES `jobs_offers` (`id`) ON DELETE CASCADE;

--
-- Constraints for table `jobs_offer_replies`
--
ALTER TABLE `jobs_offer_replies`
  ADD CONSTRAINT `jobs_offer_replies_craftsman_id_foreign` FOREIGN KEY (`craftsman_id`) REFERENCES `craftsmen` (`id`) ON DELETE CASCADE,
  ADD CONSTRAINT `jobs_offer_replies_job_offer_id_foreign` FOREIGN KEY (`job_offer_id`) REFERENCES `jobs_offers` (`id`) ON DELETE CASCADE;

--
-- Constraints for table `phones`
--
ALTER TABLE `phones`
  ADD CONSTRAINT `phones_craftsman_id_foreign` FOREIGN KEY (`craftsman_id`) REFERENCES `craftsmen` (`id`) ON DELETE CASCADE;

--
-- Constraints for table `search_images`
--
ALTER TABLE `search_images`
  ADD CONSTRAINT `search_images_craftsman_id_foreign` FOREIGN KEY (`craftsman_id`) REFERENCES `craftsmen` (`id`) ON DELETE CASCADE;
COMMIT;

/*!40101 SET CHARACTER_SET_CLIENT=@OLD_CHARACTER_SET_CLIENT */;
/*!40101 SET CHARACTER_SET_RESULTS=@OLD_CHARACTER_SET_RESULTS */;
/*!40101 SET COLLATION_CONNECTION=@OLD_COLLATION_CONNECTION */;
